0,1,2,3,4,5,6,7,8,9,10,11,12,13,14
0,1,2,3,4,5,,,,,,,,,
,,2/1/2026,2/11/2026,2/15/2026,2/18/2026,2/22/2026,2/25/2026,3/1/2026,3/4/2026,3/8/2026,3/10/2026,3/15/2026,3/18/2026,3/22/2026
Product #,Product Name,Quantity,Quantity,Quantity,Quantity,Quantity,Quantity,Quantity,Quantity,Quantity,Quantity,Quantity,Quantity,Quantity
5360547,"AVOCADO, HASS BREAKER STAGE 2-3 #2 GRADE WHOLE 60 COUNT BOX FRESH REF",1.25,0.75,0.5,1,0.5,1.75,0.5,1.25,1,0.5,1.5,1.5,0.25
4725776,"CABBAGE, RED MEDIUM FRESH REF BAG",1,1,4,3,2,1,3,1,1,,4,3,7
7331614,"CELERY, STICK 4 FRESH REF",0,0,1,1,0,1,0.5,1,1,0.5,0,1,1
1326438,"ONION, GREEN TRIMMED ICELESS FRESH REF SCALLION",1,1,0.5,0.5,0.25,0,0,0.25,,1,0,1,0.5
4230900,"CILANTRO, FRESH HERB",0.5,1,0.75,0.25,0,1,1,1,0.5,0.25,1.25,1.3,0.75
3332830,"COLESLAW MIX, SHRED CABBAGE GREEN and RED W/ CARROT SEPARATE FRESH REF",1,1,0,1,0,0.5,0,,,,0,,0
823021,"EGG, SHELL MEDIUM GRADE AA WHITE LOOSE PACK FRESH",0.25,0.5,0.133333333,1,0.5,0.133333333,1,0.75,0.25,,1,0.3,1
8340978,"CREAM, WHIPPING HEAVY 40% BUTTERFAT UHT DAIRY CARTON GABLE TOP REF",6,11,9,7,4,3,10,5,,9,5,1,0
2326411,"LETTUCE, ICEBERG FRESH REF BOX",1,1.5,0.666666667,1,0,1.25,1.5,1,0.5,2,1,1,0.75
5326418,"LETTUCE, ROMAINE FRESH REF",0.5,1,1,0.25,0.5,0.75,0.75,1.25,0.5,0.75,0.75,1.5,1.5
2326445,"SALAD MIX, MESCLUN SPRING BAG FRESH REF LETTUCE",1,0,1,0,1,3,0.5,1,1,,0,1,2
1049803,"LIME, #2 GRADE 230-250 COUNT FRESH REF BULK",0.5,1.5,0.75,0.75,0.5,1.5,1.5,1,0.5,0.5,1,0.5,1
3264931,"MARGARINE, SALTED TUB REF WHIPPED",3,5,2,4,3,2,5,,2,5,8,4,5
315606,"MILK, BUTTERMILK BULGARIN REF",-,-,0,-,0,-,-,,-,,-,,-
761940,"MILK, WHOLE PASTEURIZED RBST FREE VITAMIN D GRADE A JUG REF HOMOGENIZED",3,2,2,5,1,5,3,1,3,1,3,1,2
5006465,"MUSHROOM, SLICED FRESH REF",0,1,0.25,1,0,0.75,1,0.25,,,0.5,,2
3331972,"MUSHROOM, WHITE EXTRA-LARGE #1 GRADE BOX FRESH REF",3,3,1,1,3,1,2.5,2,2,2,3,4,1
3037330,"PEPPER, CHILI SERRANO FRESH REF",0.75,0.25,1,1,1,0.25,1.25,1.5,1,1,1,0.5,0.25
6010482,"PEPPER, JALAPENO FRESH REF",0.25,0.25,1,0.75,0.5,0.2,0.5,0.5,0.5,,1,0.5,0.4
2739175,"SOUR CREAM, CULTURED ALL NATURAL TUB REF",0,3,0,2,0,2,,2,3,1,2,,1
2331353,"TOMATO, ROUND 5X6 #1 GRADE FRESH REF BULK",0,0,2,0,2,1,2,2,,1,2.25,,2
4731741,"TOMATO, GRAPE RED FRESH REF BULK",0.5,0.5,0.5,0.25,1.5,1,0.75,0.5,0.25,1,1.5,0.3,1.15
3852858,"TORTILLA, CHIP YELLOW CORN 6 SHELF STABLE RAW 4 CUT",1.5,2.5,1.5,1,1,1,0.5,2,1,0.75,1,0.5,2
3016342,"ZUCCHINI, GREEN MEDIUM FRESH REF SQUASH",0.5,1,0.5,1,1,0.25,0.25,1,0.5,1,1,0.3,1.15
8327249,"CHEESE, PROVOLONE LOG PLASTIC WRAPPED REF",0,0,1,0.5,0,1,1,,1,1,0,1,0
3340510,"CHEESE, AMERICAN SLICED 120 COUNT TFF PROCESSED YELLOW REF",4,5,3,2,5,3,1,3,2,4,3,1,4
5332630,"CHEESE, CHEDDAR MILD SHRED FEATHER YELLOW REF",4,3,5,7,2,7,1,6,5,6,5,4,10
6419501,"CHEESE, CHEDDAR YELLOW MILD SLICED .75 OZ TWIN PACK REF",6,3,2,6,4,3,1,6,3,2,6,5,4
6432884,"CHEESE, PEPPER JACK SLICED .75 OZ TWIN PACK REF",6,3,2,7,6,5,2,8,7,5,4,2,7
2466128,"CHEESE, SWISS SLICED 120 COUNT PROCESSED REF",1,4,4,2,1,5,5,4,3,3,2,1,4
7328537,"DRESSING, BLUE CHEESE CHUNKY REF PLASTIC JAR POURABLE",1,0.75,1.25,1.25,1,0.75,2,1.5,1,1.5,1,1.25,1
3328713,"DRESSING, 1000 ISLAND SHELF STABLE PLASTIC JAR TRADITIONAL",1,1,1.1,0.75,1.5,1.75,2,1.5,1,1.5,1,1.25,1
8329062,"DRESSING, FRENCH ORANGE TFF PLASTIC JAR SHELF STABLE",3,2,3,2.5,2.5,2.75,2,2,2,2.5,2,2.25,2
3213469,"DRESSING, HONEY MUSTARD SWEET REF PLASTIC JAR",1,1,0.25,0,1,1,2,1.5,0.75,1.5,0.5,0,1.25
1328608,"DRESSING, COLESLAW CREAMY SHELF STABLE PLASTIC JAR",2,2,1,1.5,1,0.75,3,2.5,2,2.25,2,2.25,0.75
5328406,"DRESSING, RANCH BUTTERMILK REF PLASTIC JAR HOMESTYLE",7,4,7,4,7,3.25,2,6,4,4,3,6.25,4
8025207,"CHICKEN, GIZZARD BONELESS RAW FROZEN",2,6,6,5,3,1,0,4,2,8,6,4,4
8366296,"SURIMI, IMITATION CRABMEAT CHUNK and FLAKE COOKED FROZEN VALUE MSC DOMESTIC",-,0,0,-,-,0,,,,-,-,-,-
3138880,"SAUSAGE, CHORIZO PORK GROUND RAW FROZEN",2,2,2,1,2,2,1,2,2,2,1,1,1
1017127,"HAM, BONELESS BUFFET NATURAL-JUICE HARDWOOD SMOKED COOKED REF BAG 3-DIAMOND",1,0,1,1,0,2,2,1,1,0,1,1,0
616400,"ROLL, HOAGIE WHITE 3.5 OZ 8 SLICED COOKED BAKED FROZEN BAG HEARTH SUBMARIN",12,8,0,6,4,0,7,6,,9,8,3,1
207498,"BREAD, WHEAT BERRY 17 SLICED 11/16 LOAF FROZEN",8,8,6,5,8,5,3,8,4,2,8,1,8
2633394,"BREAD, RYE MARBLE 17 SLICED 5/8 LOAF BAKED FROZEN",8,0,7,6,8,5,3,8,3,,8,8,8
4320487,"CHILI, BEEF NO BEAN RTU TUB FROZEN",3,5,4,7,1,6,4,3,1,6,4,3,2
5602354,"APPETIZER, CHEESE MOZZARELLA BREADED ITALIAN STICK 3.25 TFF RAW FROZEN BAG",4,0.5,2,0.5,6,6,,1,4,,0,1.4,1.75
4182234,"APPETIZER, POTATO PEPPER CHEDDAR BREADED FROZEN SOUTHWESTERN MUNCHER",4,0.833333333,8,7,5,3,8,6,3,6,3,1.4,2
3041423,"CORN DOG, ALL-MEAT FROZEN",0.25,1,1,0.5,0,1,,1,0.5,1.25,0.5,1.3,1.5
4328910,"HOT DOG, ALL-BEEF 5:1 6 ROLLER GRILL COOKED FROZEN",1,0.5,3,3,1,1,2,1,0.5,0.5,2,2,5
2725042,"CHICKEN, WING 1ST-and-2ND-JOINT MEDIUM RAW CVP REF UNFLAVORED",4,4,4,1,3,2,5,4,7,6,1,7,3
2720977,"CHICKEN, BREAST DOUBLE-LOBE RANDOM BONELESS SKINLESS RAW REF CVP JUMBO",1,1,2,0,1,2,1,,2,1,1,1,0
2725661,"Chicken, Breast Double-lobe 6 Oz Boneless Skinless Ref Cvp",1,0.25,0.25,0.75,0.25,1,0,1,2,1,0.5,1,0
5314208,"BEEF, CUTLET SELECT RAW FROZEN",1,2,3,1,3,1,2,1,1,3,1,1,2
3408822,"BEEF, RIBEYE 112A 2X2 LIP-ON RAW REF VACUUM-PACK",0,2,2,1,0,1,3,5,5,5,2,,2
4558003,"BEEF, PHILLY FLAT RAW 4 OZ FROZEN BAG SLICED SOLUTION ADDED MODERATELY",0,2,1,0,2,2,2,1,1,,0,,1
2571705,"BEEF, CHUCK SHOULDER CLOD CHOICE ANGUS 114 BONELESS RAW REF",0,-,0,0,0,-,,,,,0,,0
6740178,"SHRIMP, 41-50 WHITE PEELED-and-DEVEINED TAIL-OFF RAW IQF FROZEN BAG NO-PHOS-A",2,2,0.4,3,1.6,8,2,2.5,2.4,2,1,1.8,1.2
6911663,"PANGASIUS, STRIPED 5-7 OZ FILLET PBO SKINLESS RAW IQF FROZEN FARMED SWAI",1,1,1,1,0,4,3,3,1,2,2,2,1
4661918,"SHRIMP, 16-20 WHITE PEELED-and-DEVEINED TAIL-ON RAW IMPORTED IQF FROZEN BAG F",0,1.166666667,1.4,2,0,4,2,3.5,1.4,2,0.8,1.8,1.2
1552124,"POTATO, FRENCH-FRY SHOESTRING 1/4 COATED CLEAR EXTRA-LONG-FANCY FROZEN",7,10,7,0,8,3,6,5,6,4,6,5,7
6083968,"POTATO, TATER NUGGET TFF PARFRIED FROZEN PUFF",4,3,4,1,6,4,5,5,5,3,6,2,4
7979586,"POTATO, SWEET FRENCH-FRY WAFFLE CUT THIN COATED FROZEN",1,2,3,1,1,3,2,2,2,2,1,3,2
6450068,"HUSH PUPPY, JALAPENO PARFRIED FROZEN BAG APPETIZER",2,1,0,1,0,2,1,1,,1,1,1,1
1633130,"BACON,SLAB #2 CURED",2,0,0.5,0,0.6,4,2,,1,1.5,0,1,1
2240046,"BACON, PORK END and PIECE REAL DICED .25 SMOKED CURED COOKED REF GAS FLUSHED",1,3,1,2,2,2,,3,1,,5,,3
1321470,"BROWNIE, PECAN NOT ICED SHEET 1/2 24 SLICED TRAY FROZEN",0,24,0,0,96,0.5,96,48,48,1,0,96,24
6758940,"ICE CREAM, VANILLA BEAN 15% BUTTERFAT FROZEN PAPER TUB ALL NATURAL",0,1,0,0.75,1,0.75,1,,1,0.75,1,1,0
766949,"ICE CREAM, CHOCOLATE TUB",1,2,1,1.5,1,1.5,1,1,,1.75,1,0.5,1
843771,"TOPPING, WHIPPED NON-DAIRY ULTRA PASTEURIZED AEROSOL REF",5,1,3,0,1,8,4,,14,13,9,8,9
9487478,"CHEESECAKE, RASPBERRY DONUT 10 14 SLICED TRAY FROZEN CAKE",2,2,0,0,1,0,1,1,,,1,0,0
755207,"CAKE, LAYER 2 CARROT ICED 9 14 SLICED GRANDMAS BOX FROZEN",0,2,1,1,1,0,1,1,1,1,0,0,0
31765,"CAKE, CHOCOLATE GLAZED 5 OZ SS TRAY PACK FROZEN MOLTEN",18,54,27,3,1,0,1,9,,27,36,27,9
5182720,"BAR MIX, GRENADINE PLASTIC SHELF STABLE COCKTAIL",0,0,2,0,1,0,0,12,9,10,11,10,11
5308139,"JUICE, CLAMATO DRINK 34% ORIGINAL PET PLASTIC BOTTLE SHELF STABLE",0,9,10,9,6,4,2,6,,6,4,3,1
4550881,"DRINK, SODA TONIC WATER CANADA DRY PET PLASTIC BOTTLE",5,6,4,1,6,1,1,48,24,3,14,16,25
4781939,"DRINK, SODA CLUB CANADA DRY PET PLASTIC BOTTLE",48,23,23,3,18,4,3,12,16,1,4,6,4
8915027,"STRAW, GIANT 7.75 BLACK UNWRAPPED STANDARD PLASTIC",9,9,4,6,5,5,4,3,3,1,1,8,9
3002128,"SALT, KOSHER NOT IODIZED GRANULATED COARSE BOX SHELF STABLE",4,5,3,3,2,3,3,3,3,3,6,3,4
3056553,"SUGAR, RAW CANE CRYSTAL BAG TURBINADO",7,6,7,7,6,7,7,6,8,6,2,4,5
2006625,"JUICE, PINEAPPLE 100% CAN SHELF STABLE",7,5,1,12,10,10,7,6,4,1,9,8,6
7221484,"JUICE, GRAPEFRUIT RUBY RED 100% PLASTIC BOTTLE SHELF STABLE",24,41,1.5,38,38,34,33,35,30,34,24,28,27
2327856,"JUICE, ORANGE 100% VITAMIN C ADDED ASEPTIC CARTON SHELF STABLE",7,-,6,6,6,5,5,6,6,5,6,5,4
6310726,"JUICE, CRANBERRY DRINK 27% BAR PAC MIXER PLASTIC BOTTLE SHELF STABLE",0,9,8,7,6,5,4,4,2,2,1,11,10
6033922,"BAR MIX, SWEET and SOUR LEMON SHELF STABLE COCKTAIL",3,5,1,8,7,7,6,5,4,4,2,2,6
9057316,"BAR MIX, LIME FOIL BAG SHELF STABLE COCKTAIL",1,12,11,11,9,8,5,12,8,9,7,7,8
18267,"BAR MIX, MARGARITA CONCENTRATE 7:1 PLASTIC BOTTLE SHELF STABLE COCKTAIL",2,1.5,6,6,5,5,5,4.5,8,4,4,4,4
3161452,"BAR MIX, MANGO PUREE CARTON GABLE TOP FROZEN SMOOTHIE COCKTAIL",23,10,12,24,8,23,22,9,12,22,11,11,10
6948384,"BAR MIX, PEACH CARTON GABLE TOP FROZEN SMOOTHIE COCKTAIL",17,12,12,17,8,14,15,11,12,16,20,12,10
6948426,"BAR MIX, PINA COLADA CARTON GABLE TOP FROZEN SMOOTHIE COCKTAIL",-,-,-,-,-,-,-,,-,,0,,-
7071236,"BAR MIX, STRAWBERRY CARTON GABLE TOP FROZEN SMOOTHIE COCKTAIL",4,12,12,15,12,14,9,9,12,10,7,10,6
7800469,"NAPKIN, BEVERAGE WHITE 9.5X9.5 1 PLY PAPER 1/4 FOLD",8,7,22,16,23,22,16,14,14,16,6,5,21
3333705,"OLIVE, MANZANILLA GREEN STUFFED PIMIENTO 300-320 COUNT SHELF STABLE GLASS J",2,1,1,1.5,1,1.5,1,1,1,1,1,1,0.5
1205582,"STRAWBERRY, CLAMSHELL FRESH REF",-,-,0,-,-,-,-,-,,-,0,-,-
2186153,"PINEAPPLE, GOLDEN FRESH REF",-,-,0,-,-,-,-,-,,-,0,-,-
9357214,"ORANGE, NAVEL OR VALENCIA CHOICE 88 COUNT FRESH REF BOX",0.5,6,1,1,1,1,1,,1,-,0,,1
5881594,"CHERRY, MARASCHINO W/ STEM LARGE PLASTIC",1,0.5,0.5,0.5,1,1,1,1,1,0.5,1.5,1.5,1
8387194,"WATER, MINERAL GLASS BOTTLE",0,16,17,13,4,15,5,,,24,19,,0
7804644,"CONTAINER, FOAM 9X9 1 CMPT WHITE 3.25H HINGED LID DUAL TAB OPTIONAL VENTIN",0.5,2,2,0,3.5,1,1,2,2.25,0,2,1.5,3
6617609,"CONTAINER, FOAM 6X6 1 CMPT WHITE 3H HINGED LID",1,0,1,3,3,0.75,2,2,1,5,1,0.5,4
6861538,"CONTAINER, PLASTIC 9 HEXAGON 1 CMPT BLACK HINGED LID CARRY-OUT",0.5,1,0.5,0.25,0,1,0.75,1,1,0.125,1,0.5,1
6861488,"CONTAINER, PLASTIC 7 HEXAGON 1 CMPT BLACK 3 H HINGED LID CARRY-OUT",0,-,0,0,0,1,0.5,1,500,0.75,1,1,0.5
738898,"BAG, CARRY-OUT 8 LB PAPER WHITE GROCERY",750,700,1.5,1,500,1,1,500,1,1,700,400,400
1310994,"BAG, FRENCH-FRY 5.5X4.5 PAPER WHITE GREASE RESISTANT",1,1,1,1,1,1,1,1,1,1,1.5,1.5,1.5
8917627,"KIT, CUTLERY SALT-and-PEPPER K-F-S NAP HEAVYWEIGHT BLACK POLYSTYRENE PLASTIC",0,0.5,1,1.25,0.5,1.75,0.75,,2.25,1.75,1,0.5,1.25
7008703,"BAG, T-SHIRT 11.5X6.5X21 POLYETHYLENE WHITE THANK YOU STOCK PRINT 12 MIC CA",1,0.5,1,1,1,0.75,0.5,1,,1,1,0.8,0.25
3136199,"SUGAR SUB, PINK SWEET and LOW 1 GR SS PACKET SACCHARIN",0,1,1,1,1,1,1,1,0.5,0.5,0.25,0.5,0.5
4329314,"MUSTARD, YELLOW SS POUCH",1,1,1,1,1,1,1,1,1,1,0,1,1
8568531,"MAYONNAISE, SS POUCH SHELF STABLE",1,1,1,1,1,1,,1,1,1,1,1,1
9329384,"KETCHUP, TOMATO FANCY 33% SS FOIL PACKET SHELF STABLE",1,1,1,1.25,1.25,1,0.75,1,1.5,1.5,1.5,1.5,1
2835205,"BAG, FLATWARE 2.75X10 PAPER WHITE SILVERWARE",0.75,0.5,1,1,0.5,1.5,1.25,1,0.75,0.5,1.5,1,0.5
4261905,"PEPPER, JALAPENO SLICED NACHO MILD IN VINEGAR CAN SHELF STABLE",4,2,7,6,5,4,3,2,5,6,5,3,2
4352191,"SAUCE, MARINARA TOMATO CAN SHELF STABLE DELUXE",0,4,2,7,5,4,2,6,5,3,0,5,3
6329205,"BEAN, GREEN BLUE LAKE CUT 3-5 SIEVE EXTRA STANDARD CANNED",2,8,7,9,4,7,8,9,2,11,5,7,7
9329269,"TOMATO, WHOLE IN JUICE PEELED CANNED",2,1,7,6,6,5,5,5,4,4,4,3,3
9261892,"TOMATILLO, CRUSHED GREEN CANNED IMPORTED MEXICO",0,-,-,-,-,-,0,-,-,,-,-,-
7200736,"PICKLE, DILL CRINKLE-CUT CHIP 1/8 PLASTIC SHELF STABLE",1.75,0.5,2,1,1,1.5,1,1.5,0.5,2,0.5,2.5,5
2353829,"FLOUR, ALL-PURPOSE",0,3,0.5,3,1,3,2.5,2,2,2.25,0.5,3,0.5
6329924,"SALT, TABLE IODIZED BAG",0.5,0,0.25,0,0.5,0.25,0.25,,1,0.25,0,,1
760827,"SPICE, PEPPER BLACK GROUND PLASTIC JUG 30M",0,0,1,0.74,0.5,1.5,1,0.25,1.25,1,0.5,1.2,1
8383283,"SUGAR, WHITE CANE EXTRA FINE BAG",2,1,1.5,1,0,2,2,1,1,1.25,0,3,3
8047557,"MIX, GRAVY PEPPER ADD WATER",5,3,6,7,5,4,7,6,2,8,6,6,4
3749580,"MIX, GRAVY BROWN POUCH SHELF STABLE CLASSIC",9,4,6,10,6,4,12,8,10,7,8,12,7
6326698,"ONION, YELLOW WHOLE SUPER COLOSSAL 4 1/4+ FRESH REF BAG",1.5,0,1,0,2,1,,1,1,,1,0.5,1
4326690,"ONION, RED JUMBO FRESH REF BAG",1,0,1,0.5,1,0.5,0.5,1,1,0.25,0.5,,1
4289443,"POTATO, YUKON GOLD A SIZE FRESH REF",1,1.75,0.25,1,1.5,1,1,0.75,0.25,0.5,1,,1
2326700,"POTATO, RUSSET IDAHO 40 COUNT FRESH REF",2,1.5,2,2,1,1,1,1.5,1,1.5,2,2,0.5
9579777,"BASE, SOUP CHICKEN FLAVOR GRANULAR PAIL SHELF STABLE",1.5,0,0.75,0.5,0.5,0.5,0.25,1.5,1,1.25,1,1,1
2228849,"BREADER, FISH SEASONED BAG",0.5,1,1,0.5,0.5,1,0.25,,1,0.25,1,1,0
7501752,"KETCHUP, TOMATO FANCY 33% RED PLASTIC BOTTLE SHELF STABLE",0,24,24,24,48,0.666666667,,,24,1.5,0,48,48
190009,"KETCHUP, TOMATO FANCY 33% BAG-IN-BOX SHELF STABLE",0.5,1.25,0.5,1,0.5,0.75,0,0.5,1.5,2,0.25,0.5,1
7637705,"SHORTENING, FRYING RICE BRAN LIQUID CLEAR NON GMO OIL",1,1.24,1,0.5,0.25,1,0.5,0.5,,,0,2,2
7329113,"MAYONNAISE, EXTRA-HEAVY PLASTIC JUG SHELF STABLE",2,4,2,2,0,3,2,1,3,3,2,5,4
4364063,"MUSTARD, YELLOW PLASTIC JAR SHELF STABLE",0,2,1,0,1,1,1,,1,1,0,2,2
3636982,"SAUCE, WORCESTERSHIRE PLASTIC JUG SHELF STABLE",0.25,0.25,0.25,0.25,1,0,1,,1.5,1.5,1.25,1.5,1.25
8013625,"SAUCE, HOT RED PLASTIC JUG SHELF STABLE ORIGINAL",4,5,4,2,5,4,2,4,3,2,3,2,4
698688,"OIL, BUTTER ALTERNATIVE SOYBEAN SALTED LIQUID PLASTIC BOTTLE",1,3,2,2,1,5,3,3,2.25,1,4,3,2
8003956,"SAUCE, TERIYAKI GLAZE PLASTIC JUG SHELF STABLE",2,2,1,1,1,1,1,0.25,1,1,0,1.5,1
78964,"SAUCE, BBQ PLASTIC JUG SHELF STABLE ORIGINAL",2,2,2,0,5,4,4,4,3.5,3.5,0,4,4
9837196,"SAUCE, CHILI SWEET PLASTIC JUG SHELF STABLE WING",4,2,2,2,0,5,4,4,4,3,3,2,2
1328335,"VINEGAR, DISTILLED WHITE DOMESTIC 50 GRAIN PLASTIC JUG",2,2,2,1,0,4,4,1,3,1.5,5,4,4
9002080,"SAUCE, STEAK A-1 GLASS BOTTLE SHELF STABLE",9,8,12,15,0,14,12,7,6,12,8,6,8
3018538,"SAUCE, HOT GLASS BOTTLE SHELF STABLE ORIGINAL",30,24,36,30,24,24,24,20,20,17,24,15,20
8218208,"SAUCE, HOT LOUISIANA GLASS BOTTLE SHELF STABLE",11,0,11,10,11,11,11,10,8,10,10,12,6
5610571,"CROUTON, SEASONED CUBE SS .5X.5X.5",1,1,0.25,1,0,1,1,0.5,0.5,1,0.5,0.5,0.5
1177922,"CRACKER, SALTINE SALTED SHELF STABLE",0.5,0.5,0.5,1,0.5,1,1,0.5,0.5,1,0.5,0.5,0.5
7945926,"CRACKER, SALAD WAFER IW",0.5,0.5,0.25,1,0,1,1,0.5,0.5,1,0.5,0.5,0.5
5601679,"CHIP, POTATO SS BAG SHELF STABLE REGULAR",1,0,1,1,1,60,0.9375,0.5,0.5,1,1,0.5,0.5
9855909,"STRAW, JUMBO 7.75 TRANSLUCENT WRAPPED PAPER STANDARD POLYPROPYLENE BOX",8,5,3,12,11,9,7,6,4,3,10,7,5
4060067,"TOOTHPICK, WOOD MINT WRAPPED",1,0,1,0,1,1,1,1,1,,0,,0.5
3605755,"TRAY, PAPER FOOD .5 LB COATED KRAFT BROWN ECOCRAFT",3,3,5,3,4,6,1,5,2,4,1,2,4
7333263,"SEASONING, FAJITA SHELF STABLE SPICE",2,2,1.5,2,1,2,2,1,2,1,2,1,2
6501159,"SEASONING, LEMON PEPPER PLASTIC SHAKER SHELF STABLE SPICE",2,2,1.5,2,1.5,1,1,2,2,2,2,1,2
184937,"TEA BAG, ICED BLACK ORANGE PEKOE CAFFEINATED 4 GAL YIELD FILTER-POUCH SHELF",16,20,8,28,24,20,,16,8,40,36,32,16
9206974,"TEA BAG, ICED BLACK SWEETENED CAFFEINATED 3 GAL YIELD FILTER PACK",8,8,8,8,5,4,0,11,10,8,0,8,14
1201093,"CUP, PET PLASTIC 20 OZ SPECIAL PRINT",1.5,2.5,1.5,0.75,2,1.5,1.5,1.75,2.5,1.5,1.5,2.5,1.5
1637321,"LID, CUP 12-24 OZ FLAT PET PLASTIC TRANSLUCENT",2.5,0,1.5,1,1.5,1,1,2.5,2,1.5,1.5,1.5,1
1851438,"CUP, SOUFFLE POLYSTYRENE 3.25 OZ TRANSLUCENT PORTION PLASTIC",0.25,0.75,0.25,0.8,0.5,4,,1.066666667,0.5,0.933333333,0.5,0.1,1.066666667
2939411,"LID, CUP SOUFFLE 3.25-4 OZ FLAT PET PLASTIC CLEAR PLASTIC COVER",1,0.75,0.5,0.3,0.5,10,2,0.1,1,0.5,1.5,1.1,0.5
7005226,"CONTAINER, FOAM 4 OZ SQUAT WHITE",1,0.75,0.5,0,0,19,0.75,1,,2,1,0.3,0
7002041,"LID, CUP 4-6 OZ VENTED PLASTIC WHITE",1,1,1.5,0,2.5,23,2,1,1,1.5,2,2,1.5
6883961,"CONTAINER, FOAM 6 OZ SQUAT WHITE",1,1.25,1.25,0.666666667,0.5,1.5,1,1,0.25,1.5,0,1.8,0.5
1051822,"LID, BOWL VENTED 6-8 OZ ROUND PLASTIC TRANSLUCENT",1.25,1.25,0.125,1.1,1,1,2,1,1,1.5,1,1,1.5
8609174,"TOWEL, PAPER 9X11 PERFORATED ROLL WHITE 2 PLY 85 SHEET",0.5,0.5,0.4,0.75,0.5,0,30,0.55,0.5,0.333333333,0.75,1,0.25
8869828,"NAPKIN, DISPENSER INTERFOLD BROWN 7.88X6.5 PAPER 1 PLY RECYCLED",0.5,0,1.5,0.708333333,1.5,3,,1,,,2.5,1.5,0.5
4818803,"WRAP, 12X12 WAX PAPER NATURAL FLAT PACK GREASE RESISTANT",2,2,2,2,2,1,1,1,1,1,1,1,0
511550,"LINER, BASKET 12X12 PAPER RED CHECKERED GINGHAM",4,8,7,6,5,3,3,1,5,4,3,2,5
1328699,"SHORTENING, FRYING SOYBEAN LIQUID CLEAR PLASTIC JUG SHELF STABLE OIL",3,8,4,4,0,4,2,6,1,6,2,6,0
4594181,"PAPER, 18X1100' FREEZER PAPER WHITE WRAP",1,1,0.5,1,1,1,1,0.5,0.5,0.125,1,1,1
4834081,"FILM, 18X2000' PLASTIC ROLL SLIDE CUTTER BOX FOOD WRAP",1,1,0.5,1,1,1,1,1,1,0.5,0.5,,1
5328257,"FOIL, ALUMINUM 18X500' HEAVY-DUTY ROLL CUTTER BOX WRAP",1,1,1,1.5,1.5,1,1.5,1,1,1,1,1.5,1
6328249,"FOIL, ALUMINUM 12X1000' STANDARD ROLL CUTTER BOX WRAP",1,1,0,1,1,1.5,1,1,1,0.25,1,0.3,1
3328259,"WRAP, FOIL 9X10.75 INTERFOLD POP UP SHEET ALUMINUM",0,2,5,2,2,1,2,2,2,2,2,2,1
6328777,"MIX, DRESSING ITALIAN 1 GAL YIELD PACKET",12,12,15,13,12,14,14,16,1,14,12,15,12
7248339,"MIX, DRESSING RANCH 1 GAL YIELD PACKET",-,-,0,-,-,-,,-,-,-,-,-,-
9041252,"CRACKER MEAL, CRUSHED MEDIUM BAG KRISPY SALTINE CRUMB",-,-,0,-,-,-,,-,-,-,-,-,-
3013885,"FILTER, FRYER GREASE CONE 10 PAPER NON-WOVEN ECONOLINE",-,-,0,-,-,-,,-,1,1,1,-,-
1504521,"LABEL, 2X3 REMOVABLE 500 ROLL IN/OUT",1,0.5,0.25,1,1,1,1,1,1,0,1,1,1
2550762,"HAIRNET, NYLON 24 BROWN LIGHTWEIGHT",2,1,1,1,-,1,1,1,2,1,1,,2
9551578,"PICK, WOOD 4 ASSORTED COLOR FRILL",1,1,1,1,-,1,1,2,2,,1,,0
2330652,"FORK, DINNER WINDSOR 18/0 S/S MEDIUMWEIGHT",1,0,0,1,1,1,1,1,,,1,1,1
1330695,"KNIFE, STEAK 4.75 S/S PLASTIC HANDLE BLACK",1,4,0,4,4,4,3,3,1,1,3,2,3
445098,"TAPE, THERMAL CASH REGISTER WHITE 3.13X200' PAPER 1 PLY ROLL",50,50,0.76,50,50,1.5,60,60,50,69,60,50,40
4085338,"GUEST CHECK, SHRINK PACK SINGLE PAPER 3.5X6.75 PINK",20,0,50,80,90,50,50,90,80,50,70,,60
2948859,"GRILL BRICK, 4X3.5X8 GLASS DUST SOFT WRAPPED GRIDDLE",4,0,11,9,8,7,6,4,3,1,11,11,9
2950343,"SCRUBBER, S/S 50 GR HEAVY-DUTY 400 SERIES ECONOMY",1,1,6,6,6,5,5,1,6,39,36,24,6
9075643,"SANITIZER, SURFACE FOOD CONTACT LIQUID SPRAY BOTTLE CLEAR SLIGHT SCENT K85",6,0,8,5,6,4,3,,,4,6,,4
7912678,"CLEANER, GLASS K42 LIQUID SPRAY BOTTLE BLUE FLORAL SCENT",1,-,1,1,1,1,1,1,1,,0,,1
5341169,"CLEANER, OVEN and GRILL K13 LIQUID BOTTLE DARK ORANGE ODORLESS DEGREASER",0,4,1,0,3,4,4,3,2,1.5,4,1,2
7153448,"CLEANER, ALL-PURPOSE LIQUID SPRAY BOTTLE CLEAR W/ BLEACH",6,9,0.75,8,9,5,0,8,7,6,0,11,9
7945058,"DEGREASER, ALL-PURPOSE VP3 LIQUID JUG BLUE CLEANER",0,0,0.25,1,5,4,3,2,1,5,4,3,2
7886112,"GLOVE, POLY XL CLEAR STRETCH AMBIDEXTROUS",3,4,0,7,4,11,7,15,1,26,18,15,12
8362022,"DETERGENT, DISHWASHER D21 LIQUID PAIL RED ODORLESS LOW TEMP",1,1,1,1,1,1,1,1,16,0.75,1,1,1
8366320,"RINSE ADDITIVE, DISHWASHER D22 LIQUID PAIL GREEN HIGH SOLID",1,1,1,0.25,1,0.25,0,1,1,0.75,1,1,1
6365084,"SANITIZER, DISHWASHER D23 LIQUID PAIL CLEAR YELLOW LOW TEMP",1,0,1,1,1,0.75,0.75,1,1,0.5,1,1,1
9625922,"TOWEL, PAPER 7.88X15 CENTERPULL PERFORATED WHITE 1 PLY 320 SHEET",8,6,7,10,6,10,6,2,12,1.5,12,9,7
95745,"TISSUE, TOILET JUMBO ROLL 3.3X1000' N-PERF 2 PLY WHITE",8,11,7,12,11,8,7,11,9,0.5,11,9,8
8648164,"TOWEL, PAPER 9.5X9 MULTIFOLD BROWN 1 PLY",-,-,-,-,-,-,,-,-,-,-,-,-
5751965,"DEODORIZER, URINAL SCREEN WAVE 3D SOLID BOX BLUE COTTON BLOSSOM SCENT",-,-,-,-,-,-,,-,-,-,-,-,-
2950699,"MOP HEAD, CUT END #24 COTTON 4 PLY NARROW BAND NATURAL",2,2,2,1,2,-,1,2,2,,4,4,4
7826506,"LINER, 33 GAL 33X38 BLACK 1.2 MIL CORELESS ROLL LINEAR LOW DENSITY REPROCES",0.5,0,3,3,2,1,3,,5,5,4,1,3
7826290,"LINER, 60 GAL 38X58 BLACK 1.2 MIL CORELESS ROLL LINEAR LOW DENSITY REPROCES",4,0,3,3,3,2,3,1,4,6,4,2,7
4647806,"DETERGENT, DISH MANUAL LIQUID BOTTLE BLUE",2,3,10,8,9,9,8,5,5,4,3,8,2
2959917,"CLEANER, FLOOR ALL SURFACE F22 LIQUID PACKET BROWNISH RED PLEASANT SCENT",1.5,0.25,0.25,0.166666667,1,3,1,0.5,,1.6,0,,1.5
1010412,"PEPPER, BELL GRN DCD 1/4""",,,,,,,,,,,,,
2332104,"CELERY, DCD 1/4"" FRESH REF",,,,,,,,,,,,,
6326706,"POTATO, RUSET ID. 70 CT 10-13",,,,,,,,,,,,,
8602054,"CUP, PET PLST 9 Z SQT CLD CLR",,,,,,,,,,,,,
8648198,"TISSUE, TLT JMB RL 3.5"" WHITE",,,,,,,,,,,,,
1005446,"MUSHROOM, SLCD THIN FRESH REF",,,,,,,,,,,,,
7589787,"BACON, PORK RNDM CT SLCD BULK",,,,,,,,,,,,,
1117268,"CHICKEN, GZZD RAW F2F CVP",,,,,,,,,,,,,
5314802,"ROLL, WHT UNSL PARBK FZN BRD",,,,,,,,,,,,,
9372855,"TOMATO, RND 5X6 #1 GRD FRESH 2",,,,,,,,,,,,,
5010608,"CILANTRO, FRESH HERB",,,,,,,,,,,,,
8609068,"LIME, 175-200 CT FRESH REF #2",,,,,,,,,,,,,
791558,"CONTAINER, FM 4 Z SQT WHT",,,,,,,,,,,,,
6969521,"GLOVE, VINYL X-LARGE PF NTRL",,,,,,,,,,,,,
5513762,"TORTILLA, CHIP WHT CORN 6"" RAW",,,,,,,,,,,,,
6395610,"SUGAR, WHT EX FINE CANE",,,,,,,,,,,,,
5888482,"HAM, BNLS D-SHAPD NJ HW SMK 2D",,,,,,,,,,,,,
9348134,"CHICKEN, WING 1&2JT JMB RW F2F",,,,,,,,,,,,,
6366090,"PEPPER, JLP 1 1/9 BSHL FRESH",,,,,,,,,,,,,
9505647,"AVOCADO, HASS BRKER STG 2-3 #1",,,,,,,,,,,,,
760785,"SPICE, PPR BLK GRND PLST JUG",,,,,,,,,,,,,
2745578,"PLATE, FM 10.25"" 3 CMPT WHT",,,,,,,,,,,,,
6896393,"KIT, CTLY K-F-S NAP MW SLVR",,,,,,,,,,,,,
7912660,"CLEANER, OVN & GRIL K44 AERSL",,,,,,,,,,,,,
4736314,"DEODORIZER, URNL SCRN W/ BLOC",,,,,,,,,,,,,
2305118,"ASPARAGUS, GRN BNCH LG 6-11 LB",,,,,,,,,,,,,
3551421,"LEMON, FRESH REF",,,,,,,,,,,,,
1901586,"MEAT SUB, MTBL MEATL VEGAN CKD",,,,,,,,,,,,,
7355280,"AVOCADO, HASS BRKER STG 2-3 #2",,,,,,,,,,,,,
6899289,"CRAYON, 4 PK ASST",,,,,,,,,,,,,
7607237,"CUP, PLST 12Z KID SEA W/LID&ST",,,,,,,,,,,,,
0,,,,,,,,,,,,,,
466821,"BACON, PORK SLCD SLAB RAW FZN",,,,,,,,,,,,,
6714032,"BEEF, RBY 112A 2X2"" LON RW F2F",,,,,,,,,,,,,
8429292,"JUICE, APPL 100% VITMN C ADDED",,,,,,,,,,,,,
9284670,"PORK, LOIN CC BELLY STRAP EXP",,,,,,,,,,,,,
6328116,"CORN, YLW KRNL FCY FZN BAG",,,,,,,,,,,,,
6364616,"LINER, 12-16 GAL 24X32 CLR .35",,,,,,,,,,,,,
9917069,"OIL, OLIV POMCE IMP ITALY",,,,,,,,,,,,,
7662349,"PLATE, PLYST 10.25"" WHT DECTD",,,,,,,,,,,,,
1536807,"POTATO, RUSET ID. 40 CT FRESH",,,,,,,,,,,,,
5489441,"MIX, GRVY PORK BAG SHLF STABL",,,,,,,,,,,,,
7416663,"PORK, LOIN CC BNLS .25"" TRIMD",,,,,,,,,,,,,
877506,"BUTTER, SALTD SOLID AA GRD REF",,,,,,,,,,,,,
2721173,"CHICKEN, WING 1&2JT RNDM JUMBO",,,,,,,,,,,,,
8231189,"LEMON, CHO IMP & DMSTC 165 CT",,,,,,,,,,,,,
2015881,"TOMATO, #2 GRD RND BULK FRESH",,,,,,,,,,,,,
1295506,"BEEF, RIBEY U2/3 ANGS 112A 2X2",,,,,,,,,,,,,
4814729,"ONION, GRN ICELS FRESH REF",,,,,,,,,,,,,
9866708,"STRAW, JMB 5.75"" BLK UWRPD STD",,,,,,,,,,,,,
6060865,"SHRIMP, 16-20 WHT P&D T/OF NPA",,,,,,,,,,,,,
8326696,"ONION, YLW JMB 3""+ FRESH REF",,,,,,,,,,,,,
7582752,"CHEESE, AMER LOAF PROCD PLST",,,,,,,,,,,,,
993063,"PASTA, MAC ELBW SHLF STABL",,,,,,,,,,,,,
1809805,"SAUSAGE, SMKD PORK BF 3.2 Z 5""",,,,,,,,,,,,,
2721165,"CHICKEN, BRST DBL RNDM BNLS",,,,,,,,,,,,,
4393494,"BEEF, CHEEK MEAT RAW REF BAG",,,,,,,,,,,,,
5492673,"SALT, SHKR PLST",,,,,,,,,,,,,
6492672,"SPICE, PPR BLK GRND SHKR",,,,,,,,,,,,,
1330158,"BEAN, BLU LAKE GRN CUT 4 SIEV",,,,,,,,,,,,,
4116355,"GARLIC, MNCD IN WATER PLST JAR",,,,,,,,,,,,,
7826688,"LINER, 60 GAL 38X56 BLK .8 MIL",,,,,,,,,,,,,
6617419,"CONTAINER, FM 9.12X9 1 CMPT",,,,,,,,,,,,,
4725396,"CELERY, STALK FRESH REF BOX",,,,,,,,,,,,,
6361794,"TOWEL, PAPR 10""X800' N-PERF RL",,,,,,,,,,,,,
3327053,"SHORTENING, FRYG CNOLA LIQ CLR",,,,,,,,,,,,,
1016831,"SUGAR, WHT GRAN CANE",,,,,,,,,,,,,
4836169,"FILM, PLST 18""X2000' RL CTTR",,,,,,,,,,,,,
2332245,"LETTUCE, RMN HEART FRESH REF",,,,,,,,,,,,,
7445317,"MARGARINE, WHPD PHO-FREE PAIL",,,,,,,,,,,,,
7398886,"FILTER, FRYER GRS SHT",,,,,,,,,,,,,
3164159,"TOWEL, PAPR 11X8.8 PERF RL WHT",,,,,,,,,,,,,
1184029,"SHRIMP, RAW 16-20 WHT T/ON P&D",,,,,,,,,,,,,
2384873,"TOMATO, PLUM #2 GRD BULK FRESH",,,,,,,,,,,,,
6004030,"BAR MIX, CCNUT CRM SHLF STABL",,,,,,,,,,,,,
1163553,"JUICE, ORNG BLND 100% PLST BTL",,,,,,,,,,,,,
4523510,"CHERRY, MRCNO W/ STEM LG PLST",,,,,,,,,,,,,
6328157,"MAYONNAISE, XHVY PLST JUG SHLF",,,,,,,,,,,,,
