0,1,2,3,4,5,6,7,8,9,10,11,12,13,14,15,16,17,18,19,20,21,22,23,24,25,26,27
0,1,2,3,4,5,,,,,,,,,,,,,,,,,,,,,,
,,3/27/26,3/30/26,4/2/26,4/4/26,4/6/26,4/8/26,4/9/26,4/12/26,4/13/26,4/16/26,4/20/26,4/28/26,4/30/26,5/4/26,5/12/26,5/18/26,5/20/26,5/21/26,5/24/26,5/26/26,5/27/26,5/31/26,6/1/26,6/3/26,6/7/26,6/10/26
Product #,Product Name,Quantity,,,,,,,,,,,,,,,,,,,,,,,,,
5360547,"AVOCADO, HASS BREAKER STAGE 2-3 #2 GRADE WHOLE 60 COUNT BOX FRESH REF",1.5,1,1.5,1,1,0.5,1,1,1,1,1.5,1,1,1.5,1.5,0.5,1,1,1,1,0.5,0.5,1.5,1,0.5,0.5
4725776,"CABBAGE, RED MEDIUM FRESH REF BAG",3,5,3,0,4,2,2,11,8,6,3,9,8,6,2,1,0,0,3,100,10,10,10,8,7,7
7331614,"CELERY, STICK 4 FRESH REF",1,0.25,1,1,1,1,0,1,1,1,1,1,0,1,1,1,0,2,1,1,1,0,1,,,
1326438,"ONION, GREEN TRIMMED ICELESS FRESH REF SCALLION",0.75,0.25,1,0,1,1,1,1,1,1,0.25,1,1,1,1,1,1,1,1,1,1,0.5,0.25,,1,1
4230900,"CILANTRO, FRESH HERB",1,0.5,1,0.5,1,0.5,1,1,1,1,1,1,1,1,1,0,1,1,0.25,0,0,1,0.5,0.3,0.5,1.5
3332830,"COLESLAW MIX, SHRED CABBAGE GREEN and RED W/ CARROT SEPARATE FRESH REF",0,1,0,0,1,0,1,1,1,1,1,1,0,1,0,1,0,1,1,1,0,0,1,1,0.5,1
823021,"EGG, SHELL MEDIUM GRADE AA WHITE LOOSE PACK FRESH",0.5,0,1,15,1,0.75,1,0,1,1,0,1,0.266666667,2trays,0,1,1,1,0,17,15,0.75,2,1.5,1,1
8340978,"CREAM, WHIPPING HEAVY 40% BUTTERFAT UHT DAIRY CARTON GABLE TOP REF",17,13,11,9,8,6,6,2,13,11,8,10,12,9,5,11,10,9,7,7,6,3,15,13,9,6
2326411,"LETTUCE, ICEBERG FRESH REF BOX",0.5,1,2,1,1,0.5,1,1,18,3,2,1,1,1,0.5,7,1,1,1.5,1,1,0.75,2,0.5,1.5,0.25
5326418,"LETTUCE, ROMAINE FRESH REF",1.5,1,0.5,0,1,0.25,1,0,25,1,1,1,1,2,0.5,6,1,1,0.5,1.5,1.25,1.25,1,1,1,1
2326445,"SALAD MIX, MESCLUN SPRING BAG FRESH REF LETTUCE",1,0,1,1,0,0,1,0,1,1,1,1,0,1,1,1,0,1,1,1,0,2,0,,1,1
1049803,"LIME, #2 GRADE 230-250 COUNT FRESH REF BULK",1,1,2,0.5,1,0.75,1,0.25,1,2,1,2,1,1,1,2,1.25,2,0.5,1.25,0.75,1.25,3,0.5,2.5,1.5
3264931,"MARGARINE, SALTED TUB REF WHIPPED",6,3,6,4,3,1,6,2,8,9,5,3,7,9,7,6,4,9,6,4,3,5,4,1,3,6
315606,"MILK, BUTTERMILK BULGARIN REF",2,0,0,0,0,0,0,0,0,0,0,0,0,0,0,0,-,0,-,0,0,-,0,,,-
761940,"MILK, WHOLE PASTEURIZED RBST FREE VITAMIN D GRADE A JUG REF HOMOGENIZED",4,3,6,5,3,2,4,4,4,6,4,3,6,3,3,3,2,5,2,4,2,6,5,2,4,3
5006465,"MUSHROOM, SLICED FRESH REF",0.5,1,1,4,1,0.75,1,1,1,1,1,1,1,1,1,3,1,1,1,0,0,0.25,1,1,,0.5
3331972,"MUSHROOM, WHITE EXTRA-LARGE #1 GRADE BOX FRESH REF",4,4,5,1,4,4,4,3,2,5,3,2,5,3,3,1,3,5,2,4,3,2,3,2,1,3
3037330,"PEPPER, CHILI SERRANO FRESH REF",1,1,1,1,1,1,1,0,1,1,1,1,1,0.5,1,1,0.5,0.75,1,1,1,1,1,0.5,0.5,
6010482,"PEPPER, JALAPENO FRESH REF",0,1,1,1,1,1,1,0,1,1,1,1,1,0.25,1,1,0.5,0.25,1,1,1,0.5,1,1,0.5,
2739175,"SOUR CREAM, CULTURED ALL NATURAL TUB REF",1,3,5,3,3,1,6,2,2,4,1,4,2,3,5,4,1,5,2,2,0,1,5,3,,2
2331353,"TOMATO, ROUND 5X6 #1 GRADE FRESH REF BULK",3,1.5,3,1.5,2,1.75,2,1,2,2,1,1,3,3,1,2,0,4,1.25,3,2,1,2,,2.3,0.5
4731741,"TOMATO, GRAPE RED FRESH REF BULK",1,1,1,0.5,1,0.25,0,0,1,1,0.5,1,1,1,1,1,0.25,2,1,1,1,1,1,1,0.3,
3852858,"TORTILLA, CHIP YELLOW CORN 6 SHELF STABLE RAW 4 CUT",1,1,1,0,2,2,2,1,1,2,2,1,2,2,2,1,1.25,1,1.5,2,0.5,1,2,1.5,1,1
3016342,"ZUCCHINI, GREEN MEDIUM FRESH REF SQUASH",0.5,1,1,0.75,2,1,1,1,1,1,1,1,2,1,1,1,0.25,2,1,1,0.5,1,1,0.5,0.3,1.5
8327249,"CHEESE, PROVOLONE LOG PLASTIC WRAPPED REF",1,1,0,1,1,1,1,0,0,1,1,1,1,2,1,1,0,1,0,1,2,1,1,1,1,
3340510,"CHEESE, AMERICAN SLICED 120 COUNT TFF PROCESSED YELLOW REF",2,5,0,2,3,2,6,5,4,3,6,2,3,4,2,4,3,3,2,5,5,4,3,2,5,4
5332630,"CHEESE, CHEDDAR MILD SHRED FEATHER YELLOW REF",5,8,0,4,8,5,9,5,7,10,8,6,7,5,5,9,6,9,4,7,4,4,6,4,3,3
6419501,"CHEESE, CHEDDAR YELLOW MILD SLICED .75 OZ TWIN PACK REF",2,7,0,4,4,3,3,2,8,6,5,1,8,3,7,3,2,8,6,4,4,1,7,7,5,4
6432884,"CHEESE, PEPPER JACK SLICED .75 OZ TWIN PACK REF",5,4,0,2,8,7,7,6,6,4,3,5,6,3,7,5,3,3,3,2,2,6,6,5,4,3
2466128,"CHEESE, SWISS SLICED 120 COUNT PROCESSED REF",4,4,0,3,3,3,2,2,2,5,5,3,3,2,1,4,3,3,3,2,2,2,2,1,5,4
7328537,"DRESSING, BLUE CHEESE CHUNKY REF PLASTIC JAR POURABLE",1,1,0,0.5,2,1,1,1,1,1,1,1.25,1.25,1,1,1,0,1.5,1,1.25,1,1,1,0,1,1.75
3328713,"DRESSING, 1000 ISLAND SHELF STABLE PLASTIC JAR TRADITIONAL",1,1,0,1,1,1,1,1,1,1,1,1.25,1.25,1,1,1,0.25,1.5,1.25,1.25,1,1,1.25,1,1,1
8329062,"DRESSING, FRENCH ORANGE TFF PLASTIC JAR SHELF STABLE",2,2,0,2,2,2,2,2,2,2,2,2,2,2,2,2,2,2,2,2,2,2,2,2,2,2
3213469,"DRESSING, HONEY MUSTARD SWEET REF PLASTIC JAR",1,1,0,1,1,1,1,1,1,1,1,1,1,1,1,1,0.25,1,0.25,1,0,1,1,1,1,1
1328608,"DRESSING, COLESLAW CREAMY SHELF STABLE PLASTIC JAR",2,1,0,1,1,1,1,1,1,4,4,3.5,3,3,3,2,2,2,2,2,2,1.25,1.25,1.5,0,1
5328406,"DRESSING, RANCH BUTTERMILK REF PLASTIC JAR HOMESTYLE",5,8,0,6,12,8,14,8,7,12,11,8,11,7,8,10,5,11,3,8,4,0,8,5,3,7
8025207,"CHICKEN, GIZZARD BONELESS RAW FROZEN",8,6,6,6,4,4,4,2,8,8,5,4,3,6,4,8,8,8,6,7,6,5,5,3,,5
8366296,"SURIMI, IMITATION CRABMEAT CHUNK and FLAKE COOKED FROZEN VALUE MSC DOMESTIC",0,0,0,0,0,0,0,0,0,0,0,0,0,0,0,0,0,0,-,0,0,-,0,-,-,-
3138880,"SAUSAGE, CHORIZO PORK GROUND RAW FROZEN",1,1,1,1,1,1,1,1,1,1,1,1,1,1,1,2,2,2,2,2,2,1,2,2,2,2
1017127,"HAM, BONELESS BUFFET NATURAL-JUICE HARDWOOD SMOKED COOKED REF BAG 3-DIAMOND",2,1,1,1,1,1,0,0,2,1,1,2,2,2,,0,0,0,0,0,0,1,1,1,,0
616400,"ROLL, HOAGIE WHITE 3.5 OZ 8 SLICED COOKED BAKED FROZEN BAG HEARTH SUBMARIN",8,6,4,4,4,0,12,9,7,6,4,11,10,14,1,6,3,15,12,12,12,12,6,6,2,14
207498,"BREAD, WHEAT BERRY 17 SLICED 11/16 LOAF FROZEN",8,8,7,6,7,6,6,6,6,8,5,3,3,2,12,8,6,8,8,8,6,8,5,8,8,5
2633394,"BREAD, RYE MARBLE 17 SLICED 5/8 LOAF BAKED FROZEN",5,3,3,2,2,0,8,8,8,6,7,5,5,3,8,8,6,6,8,7,2,8,3,8,8,
4320487,"CHILI, BEEF NO BEAN RTU TUB FROZEN",6,5,5,3,2,1,7,5,5,4,3,6,6,4,8,4,4,3,2,2,1,5,5,,4,8
5602354,"APPETIZER, CHEESE MOZZARELLA BREADED ITALIAN STICK 3.25 TFF RAW FROZEN BAG",7,4,6,1,6,5,5,4,0,8,6,3,6,2,1,2,0,4,1,4,2,0.25,4,,1.5,8
4182234,"APPETIZER, POTATO PEPPER CHEDDAR BREADED FROZEN SOUTHWESTERN MUNCHER",15,12,10,1,15,14,14,12,10,9,7,5,4,8,2,5,5,3,0,6,4,0.5,7,7,0.8,10
3041423,"CORN DOG, ALL-MEAT FROZEN",1,0.25,1,1,1,0.5,1,0.25,1,1,1,1,1,2,8,1,1,1,0.5,2,2,0.5,2,1.5,1,1
4328910,"HOT DOG, ALL-BEEF 5:1 6 ROLLER GRILL COOKED FROZEN",1.5,1.5,1.5,1,1,1,1,1,1,1,1,0.1,0,0,1,1,0.5,1,1,1,0,1,1,1,1,1
2725042,"CHICKEN, WING 1ST-and-2ND-JOINT MEDIUM RAW CVP REF UNFLAVORED",8,9,9,6,7,6,9,6,4,8,5,4,10,6,1,8,5,7,4,6,4,4,9,5,6,8
2720977,"CHICKEN, BREAST DOUBLE-LOBE RANDOM BONELESS SKINLESS RAW REF CVP JUMBO",4,2,3,3,2,1,3,0,4,3,3,1,2,3,6,3,1,4,2,2,1,1,4,2,2,2
5314208,"BEEF, CUTLET SELECT RAW FROZEN",2.25,1.5,2.5,2,2,1,1,2,1,2,2,1,2,1.5,1,1,1,2,2,1,1,0,2,2,1,2
3408822,"BEEF, RIBEYE 112A 2X2 LIP-ON RAW REF VACUUM-PACK",4,3,4,3,2,1,5,2,2,4,4,2,4,2,1,2,1,4,2,2,1,2,5,3,5,3
4558003,"BEEF, PHILLY FLAT RAW 4 OZ FROZEN BAG SLICED SOLUTION ADDED MODERATELY",2,2,2,1,0,1,2,1,1,6,5,3,3,3,2,2,0,1,1,0,0,1,1,1,,
2571705,"BEEF, CHUCK SHOULDER CLOD CHOICE ANGUS 114 BONELESS RAW REF",2,3,2,2,2,1,3,2,1,2,1,1,2,1,1,1,0,2,1,1,0,2,3,2,2,2
6740178,"SHRIMP, 41-50 WHITE PEELED-and-DEVEINED TAIL-OFF RAW IQF FROZEN BAG NO-PHOS-A",0,0,0,0,0,0,0,0,0,0,0,0,0,0,1,0,0,0,0,0,0,0,0,,,-
6911663,"PANGASIUS, STRIPED 5-7 OZ FILLET PBO SKINLESS RAW IQF FROZEN FARMED SWAI",12,12,21,3,12,10,20,12,10,13,5,15,20,13,0,15,2.4,15,2,13,1.6,1.4,22,3.2,1,1.333333333
4661918,"SHRIMP, 16-20 WHITE PEELED-and-DEVEINED TAIL-ON RAW IMPORTED IQF FROZEN BAG F",4,7,6,2,4,2,8,4,4,5,4,2,6,4,13,2,0,3,2,2,1,4,3,2,2,3
1552124,"POTATO, FRENCH-FRY SHOESTRING 1/4 COATED CLEAR EXTRA-LONG-FANCY FROZEN",12,8,11,1,10,10,12,9,7,5,3,7,11,11,2,6,1,8,1.2,10,1.2,1.4,12,1.5,0.5,1
6083968,"POTATO, TATER NUGGET TFF PARFRIED FROZEN PUFF",12,4,13,8,9,5,13,8,7,14,8,5,14,6,8,8,4,14,8,8,6,6,8,4,4,4
7979586,"POTATO, SWEET FRENCH-FRY WAFFLE CUT THIN COATED FROZEN",7,4,3,4,4,2,6,5,3,5,4,3,7,3,5,4,2,7,5,3,3,6,5,5,5,3
6450068,"HUSH PUPPY, JALAPENO PARFRIED FROZEN BAG APPETIZER",3,2,6,2,2,1.1,4,3,2,3,3,4,3,2,5,3,2.5,3,1,3,2,2,3,2.5,1,3
1633130,"BACON,SLAB #2 CURED",1,1,1.5,1,1,1,1,0.5,1,1,1,3,3,3,2,1,1,0,1,0,1,1,1,1,,2
2240046,"BACON, PORK END and PIECE REAL DICED .25 SMOKED CURED COOKED REF GAS FLUSHED",1,1,2,1,2,1,2,1,2,2,1,2,2,1,1,1,1,0,1,2,1,1,2,1,1,1
1321470,"BROWNIE, PECAN NOT ICED SHEET 1/2 24 SLICED TRAY FROZEN",2,5,4,1,7,5,6,5,5,4,2,3,3,4,2,4,2.5,3,2,4,3,2,3,3,2,3
6758940,"ICE CREAM, VANILLA BEAN 15% BUTTERFAT FROZEN PAPER TUB ALL NATURAL",1.1,3,1.5,1,1,1,1,0.5,0.5,0.5,1,2,0,1,4,1,48,1,48,1,1,13,0,0,18,
766949,"ICE CREAM, CHOCOLATE TUB",2,1,2,1,1,1,1,1,1,2,1,1,0,1,1,1,1,1,,1,1,0,1,1,1,0.5
843771,"TOPPING, WHIPPED NON-DAIRY ULTRA PASTEURIZED AEROSOL REF",1,1,1,1,1,1,1,0,1,1,1,1,0,1,1,1,1,1,1,1,1,1,1,1,1,1.5
9487478,"CHEESECAKE, RASPBERRY DONUT 10 14 SLICED TRAY FROZEN CAKE",2,13,13,11,10,10,6,10,8,8,4,12,0,8,1,12,12,11,10,9,9,0,16,0,12,13
755207,"CAKE, LAYER 2 CARROT ICED 9 14 SLICED GRANDMAS BOX FROZEN",2,1,1,0,0,0,0,0,0,2,1,2,0,0,1,1,0,2,8,1,1,8,0,0,8,
31765,"CAKE, CHOCOLATE GLAZED 5 OZ SS TRAY PACK FROZEN MOLTEN",2,1,1,0,0,0,0,0,0,0,0,0,0,0,1,1,16,2,8,1,1,8,1,1,8,
5182720,"BAR MIX, GRENADINE PLASTIC SHELF STABLE COCKTAIL",1,0,4,1,1,1,1,0,0,4,4,4,0,0,1,0,0,4,3,2,2,3,0,0,18,9
5308139,"JUICE, CLAMATO DRINK 34% ORIGINAL PET PLASTIC BOTTLE SHELF STABLE",11,11,11,11,8,8,8,8,6,8,8,8,7,7,1,6,5,6,5,6,5,6,6,5,3,4
4550881,"DRINK, SODA TONIC WATER CANADA DRY PET PLASTIC BOTTLE",6,5,10,8,8,7,7,6,5,4,3,6,6,5,6,6,5,5,0,10,8,9,9,8,5,7
4781939,"DRINK, SODA CLUB CANADA DRY PET PLASTIC BOTTLE",23,23,23,4,23,4,23,23,22,22,22,22,22,22,2,22,23,22,24,22,4,22,20,18,18,12
8915027,"STRAW, GIANT 7.75 BLACK UNWRAPPED STANDARD PLASTIC",1,1,24,4,24,4,28,22,22,20,20,17,15,15,22,13,12,6,5,2,0,24,24,18,12,24
3002128,"SALT, KOSHER NOT IODIZED GRANULATED COARSE BOX SHELF STABLE",9,9,8,6,8,6,7,7,6,6,5,3,4,13,13,9,8,8,24,9,7,6,7,5,5,5
3056553,"SUGAR, RAW CANE CRYSTAL BAG TURBINADO",3,3,3,2,2,2,2,2,5,2,2,2,2,2,10,2,2,14,12,14,12,13,14,8,8,8
2006625,"JUICE, PINEAPPLE 100% CAN SHELF STABLE",6,6,6,4,5,4,5,5,2,5,5,5,5,4,2,4,2,3,2,3,4,2,3,8,8,8
7221484,"JUICE, GRAPEFRUIT RUBY RED 100% PLASTIC BOTTLE SHELF STABLE",5,2,14,13,13,14,12,12,11,20,18,13,13,11,4,4,3,15,10,13,10,10,10,9,7,6
2327856,"JUICE, ORANGE 100% VITAMIN C ADDED ASEPTIC CARTON SHELF STABLE",25,24,24,24,23,24,23,23,22,22,22,23,22,22,6,19,24,19,24,20,19,19,19,16,,15
6310726,"JUICE, CRANBERRY DRINK 27% BAR PAC MIXER PLASTIC BOTTLE SHELF STABLE",4,4,4,4,5,3,3,3,3,3,1,2,0,0,20,0,0,0,0,0,0,-,0,,,-
6033922,"BAR MIX, SWEET and SOUR LEMON SHELF STABLE COCKTAIL",10,9,9,8,8,7,9,6,6,6,5,2,2,13,0,9,9,9,5,7,6,6,6,4,,4
9057316,"BAR MIX, LIME FOIL BAG SHELF STABLE COCKTAIL",5,4,4,4,4,4,4,3,3,3,2,0,0,0,10,3,2,6,6,5,5,4,5,4,3,2
18267,"BAR MIX, MARGARITA CONCENTRATE 7:1 PLASTIC BOTTLE SHELF STABLE COCKTAIL",7,7,7,7,7,6,6,6,6,6,5,5,5,5,4,4,3,4,4,4,3,3,3,3,4,3
3161452,"BAR MIX, MANGO PUREE CARTON GABLE TOP FROZEN SMOOTHIE COCKTAIL",4,4,3,3,3,3,3,3,3,3,3,2,3,2,4,2,0.5,5,5,5,4,5,5,5,5,5
6948384,"BAR MIX, PEACH CARTON GABLE TOP FROZEN SMOOTHIE COCKTAIL",20,20,20,20,19,19,19,19,18,18,18,17,17,17,2,17,18,17,15,16,16,14,14,10,12,14
6948426,"BAR MIX, PINA COLADA CARTON GABLE TOP FROZEN SMOOTHIE COCKTAIL",15,15,15,13,15,9,15,15,15,15,15,15,15,16,17,15,12,15,1,14,12,16,15,12,11,12
7071236,"BAR MIX, STRAWBERRY CARTON GABLE TOP FROZEN SMOOTHIE COCKTAIL",0,0,0,0,0,0,0,0,0,0,0,0,0,0,15,0,-,0,0,0,0,-,0,,,-
7800469,"NAPKIN, BEVERAGE WHITE 9.5X9.5 1 PLY PAPER 1/4 FOLD",6,6,6,6,6,4,4,4,4,4,15,13,13,12,0,9,8,9,8,8,8,6,6,6,6,4
3333705,"OLIVE, MANZANILLA GREEN STUFFED PIMIENTO 300-320 COUNT SHELF STABLE GLASS J",4,4,4,16,4,16,4,3,3,11,11,10,10,10,11,9,17,12,8,8,16,16,8,8,7,7
1205582,"STRAWBERRY, CLAMSHELL FRESH REF",1,1,1,1,1,1,1,1,1,1,1,1,1,1,10,0,0.75,1,0.5,0,0.5,1,1,1,3,1
2186153,"PINEAPPLE, GOLDEN FRESH REF",0,0,0,0,0,0,0,0,0,0,0,0,0,0,0,0,-,0,-,0,0,-,0,-,-,-
9357214,"ORANGE, NAVEL OR VALENCIA CHOICE 88 COUNT FRESH REF BOX",0,0,0,0,0,0,0,0,0,0,0,0,0,0,0,0,-,0,-,0,0,-,0,-,-,-
5881594,"CHERRY, MARASCHINO W/ STEM LARGE PLASTIC",1,1,1,1,1,1,1,1,1,1,1,1,0,0,0,0,-,0,-,0,0,-,0,-,-,-
8387194,"WATER, MINERAL GLASS BOTTLE",1,0,0,1,1,1,0,0,1,1,1,1,1,1,0,1,0.5,1,0.5,1,0.5,0.5,1,,0.5,
7804644,"CONTAINER, FOAM 9X9 1 CMPT WHITE 3.25H HINGED LID DUAL TAB OPTIONAL VENTIN",33,24,16,12,9,5,4,10,8,7,0,24,21,11,1,6,0,24,13,10,10,0,24,19,16,12
6617609,"CONTAINER, FOAM 6X6 1 CMPT WHITE 3H HINGED LID",2,2,4,2,3,1,3,0,3,3,1,2,2,1,27,2,2,4,0.5,3,0.5,2,4,3,1,1
6861538,"CONTAINER, PLASTIC 9 HEXAGON 1 CMPT BLACK HINGED LID CARRY-OUT",1,3,0,2,3,2,2,0,5,0,1,4,4,4,2,3,1,1,0,5,1,4,4,4,3,3
6861488,"CONTAINER, PLASTIC 7 HEXAGON 1 CMPT BLACK 3 H HINGED LID CARRY-OUT",0.5,0.5,0,0.5,1,0,1,0,1,0,1,1,1,1,3,1.5,1,1,1,1,1,1,1,1,1,0.5
738898,"BAG, CARRY-OUT 8 LB PAPER WHITE GROCERY",0.25,0.25,0,0,1,0,0,0,0,0,1,0,0,0,1,0,0,0,0,0,0,-,0,1,,
1310994,"BAG, FRENCH-FRY 5.5X4.5 PAPER WHITE GREASE RESISTANT",1,1,0,1,0,0,1,1,1,1,1,1,1,1,0,1,600,1,700,1,2,500,1,500,500,1
8917627,"KIT, CUTLERY SALT-and-PEPPER K-F-S NAP HEAVYWEIGHT BLACK POLYSTYRENE PLASTIC",1,1,1,1,1,1,1,1,1,1,1,1,1,1,1,1,1,1,1,1,1,1,1,1,1,1
7008703,"BAG, T-SHIRT 11.5X6.5X21 POLYETHYLENE WHITE THANK YOU STOCK PRINT 12 MIC CA",1,2,2,1,1,0.75,1,0,2,1,1,1,0,1,1,0.5,0.5,2,1.5,1,0.5,1.5,2,0.5,2,1.5
3136199,"SUGAR SUB, PINK SWEET and LOW 1 GR SS PACKET SACCHARIN",1,0,1,1,1,1,1,0,1,1,1,1,0.5,1,1,1,0.75,1,0,1,0,1,1,1,0.5,0.5
4329314,"MUSTARD, YELLOW SS POUCH",1,1,2,1,2,1,1,2,2,1,1,1,1,1,1,1,0,1,1,1,1,1,1,1,1,1
8568531,"MAYONNAISE, SS POUCH SHELF STABLE",1,1,1,1,1,1,1,1,1,1,1,1,1,1,1,1,1,1,1,1,1,1,1,1,1,1
9329384,"KETCHUP, TOMATO FANCY 33% SS FOIL PACKET SHELF STABLE",1,1,1,1,1,1,1,1,1,1,1,1,1,1,1,1,1,1,1,1,1,1,1,1,1,1
2835205,"BAG, FLATWARE 2.75X10 PAPER WHITE SILVERWARE",1.5,1.5,1.5,1,2,1,1,1,1,1,1,1,1,1,1,1,0.5,1,0,1,0,1,1,0.8,1,1
4261905,"PEPPER, JALAPENO SLICED NACHO MILD IN VINEGAR CAN SHELF STABLE",1.5,1,1,0.75,1,0.75,1,0.5,1,1,2,2,1,1,1,0.5,0.5,1.5,1.25,2,1,1,1,0.5,1,1
4352191,"SAUCE, MARINARA TOMATO CAN SHELF STABLE DELUXE",3,7,6,5,5,5,4,3,3,8,7,4,3,2,2,5,5,4,3,3,2,2,9,8,4,6
6329205,"BEAN, GREEN BLUE LAKE CUT 3-5 SIEVE EXTRA STANDARD CANNED",7,6,5,4,3,2,8,7,6,5,3,6,5,3,7,2,2,8,6,5,5,3,2,1,5,3
9329269,"TOMATO, WHOLE IN JUICE PEELED CANNED",12,12,12,9,7,5,10,4,8,8,8,13,11,8,5,9,6,11,8,6,3,1,12,8,4,5
9261892,"TOMATILLO, CRUSHED GREEN CANNED IMPORTED MEXICO",2,2,7,7,7,7,7,6,6,6,6,5,5,3,8,2,2,2,1,7,7,6,7,6,6,5
7200736,"PICKLE, DILL CRINKLE-CUT CHIP 1/8 PLASTIC SHELF STABLE",0,0,0,0,0,0,0,0,0,0,0,0,0,0,3,0,0,0,-,0,0,7,0,-,1,
6329924,"SALT, TABLE IODIZED BAG",2,1,2,2,0,1,2,1,2,1,2,2,1,3,0,0,1.5,3,1,2,3,0.5,0,2.5,1,2
760827,"SPICE, PEPPER BLACK GROUND PLASTIC JUG 30M",2.5,4,2.5,0.25,3.5,2,5,2,5,2,4,4,3,5,2,3,2,4,1,4,2,2,4,2.5,2,2
8383283,"SUGAR, WHITE CANE EXTRA FINE BAG",1,1,1,0.25,0,0.25,0,0,1,1,1,1,1,1,5,1,0,1,1,1,1,0.5,1,,1,1
8047557,"MIX, GRAVY PEPPER ADD WATER",0.25,1,1,0.5,1.25,1,1,0.25,2,1,2,1,0.25,1,1,0.75,0,2.5,3,2,1,1.25,1.5,1.3,1,1
3749580,"MIX, GRAVY BROWN POUCH SHELF STABLE CLASSIC",2.5,2,2,2,2,2,2,1.5,1.5,2,1,1,0.5,0.5,1.25,1,1,1,1,1,1,1,0.5,,2,2
6326698,"ONION, YELLOW WHOLE SUPER COLOSSAL 4 1/4+ FRESH REF BAG",11,10,10,1,16,12,10,4,13,13,11,13,10,6,2,12,10,13,0,11,8,5,9,5,3,7
4326690,"ONION, RED JUMBO FRESH REF BAG",9,12,8,1,17,15,14,10,9,12,8,13,10,12,7,2,0,15,7,15,11,7,14,10,8,4
4289443,"POTATO, YUKON GOLD A SIZE FRESH REF",0,1,2,0.25,1,0.5,2,1,1,1,1,1,1,2,9,1,1,1,1.5,1,1,0.5,2,1.5,1,1
2326700,"POTATO, RUSSET IDAHO 40 COUNT FRESH REF",0.5,0.5,1,0.5,1,0.5,1,0,1,1,1,1,1,1,0,1,0,1,0.2,1,1,0.5,1,0.5,0.5,
9579777,"BASE, SOUP CHICKEN FLAVOR GRANULAR PAIL SHELF STABLE",1,2,2,1,2,2,2,0.5,2,1,1,1,2,2,1,2,1,2,1,2,0.5,1.5,2,1,1,1.75
2228849,"BREADER, FISH SEASONED BAG",2,3,4,2,2,0.25,3,1,2,4,1,1,4,2,1,3,2.5,3,1.5,2,2,2,4,2.5,2,2.5
7501752,"KETCHUP, TOMATO FANCY 33% RED PLASTIC BOTTLE SHELF STABLE",0.75,0.5,0.5,0.25,1.25,1.5,1,2,1,1,1,1,1,1,1,1,0.25,1,1.25,1,1,1,1,1,1,1
190009,"KETCHUP, TOMATO FANCY 33% BAG-IN-BOX SHELF STABLE",1,1,1.5,1,0,0.75,1,1,1,1,1,1,1,1,1,1,1,1,1,1,0.5,1,1,,1,0.25
7637705,"SHORTENING, FRYING RICE BRAN LIQUID CLEAR NON GMO OIL",24,34,32,1,52,48,5,50,24,30,45,40,38,31,1,53,24,28,24,28,24,24,48,12,4,28
7329113,"MAYONNAISE, EXTRA-HEAVY PLASTIC JUG SHELF STABLE",1.5,1,1.5,1,1,1,1,0,1,1,1,1,1,1,11,1,1,1,0,1,1,0.25,1,1,1,1
4364063,"MUSTARD, YELLOW PLASTIC JAR SHELF STABLE",1.5,1.5,1,1,1,1,1,2,1,1,1,1,1,1,1,1,1,1,0.25,1,1,1,1,1,0.8,0.25
3636982,"SAUCE, WORCESTERSHIRE PLASTIC JUG SHELF STABLE",3,2,1,3,3,2,3,2,2,5,1,4,3,6,1,2,2,2,1,5,4,3,6,6,5,3
698688,"OIL, BUTTER ALTERNATIVE SOYBEAN SALTED LIQUID PLASTIC BOTTLE",3,2,2,2,1,1,1,1,1,1,1,1,1,0,4,1,1,1,1,1,0,1,1,1,,1
8003956,"SAUCE, TERIYAKI GLAZE PLASTIC JUG SHELF STABLE",1,2,2,1,1.5,1,1,1.25,1,1,1,1,1,1,1,1,1,1,0.75,1,0.75,1,1,1,0.5,0.5
78964,"SAUCE, BBQ PLASTIC JUG SHELF STABLE ORIGINAL",5,4,3,2,5,5,4,3,3,5,3,4,4,6,1,5,4,4,3,2,2,4,4,3,1,3
9837196,"SAUCE, CHILI SWEET PLASTIC JUG SHELF STABLE WING",1,4,3,3,3,3,2,2,2,4,4,2,2,4,3,2,1,4,4,3,3,2,2,2,1,4
1328335,"VINEGAR, DISTILLED WHITE DOMESTIC 50 GRAIN PLASTIC JUG",0.5,1,1,1,1,1,1,0,1,1,1,1,1,1,3,1,0,1,0,1,1,1.25,2,1.5,1.25,1
9002080,"SAUCE, STEAK A-1 GLASS BOTTLE SHELF STABLE",4,4,4,4,4,4,4,4,4,1,5,5,5,5,1,2,0,5,5,5,5,5,6,5,2,2
3018538,"SAUCE, HOT GLASS BOTTLE SHELF STABLE ORIGINAL",1,0,4,4,4,4,3,3,3,3,2,1,1,0,2,3,3,2,3,2,1,0,4,4,3,3
8218208,"SAUCE, HOT LOUISIANA GLASS BOTTLE SHELF STABLE",5,5,5,4,6,3,5,6,6,5,5,5,5,5,4,5,5,5,4,4,2,2,5,4,6,4
5610571,"CROUTON, SEASONED CUBE SS .5X.5X.5",11,11,11,1,10,10,8,11,10,8,9,10,10,33,5,29,26,29,24,28,24,24,27,24,24,12
1177922,"CRACKER, SALTINE SALTED SHELF STABLE",14,12,13,1,36,36,36,33,33,32,33,25,26,26,32,19,24,20,24,19,20,10,19,24,4,6
7945926,"CRACKER, SALAD WAFER IW",7,7,7,1,8,12,6,7,8,7,8,9,10,9,22,7,12,9,12,9,10,10,8,10,12,10
5601679,"CHIP, POTATO SS BAG SHELF STABLE REGULAR",1,1,1,1,1,1,1,0,1,1,1,0,0,0,9,1,1,1,0,1,1,1,1,1,1,1
9855909,"STRAW, JUMBO 7.75 TRANSLUCENT WRAPPED PAPER STANDARD POLYPROPYLENE BOX",1,1,1,0,1,1,1,1,1,1,1,1,1,1,10,1,0.5,1,1,1,1,1,1,0.5,0.5,
4060067,"TOOTHPICK, WOOD MINT WRAPPED",1,1,1,1,1,1,1,1,1,1,1,0,1,1,1,1,0.5,1,1,1,1,1,1,.,0.5,1
3605755,"TRAY, PAPER FOOD .5 LB COATED KRAFT BROWN ECOCRAFT",1,1,0,0,1,64,1,1,1,1,1,1,1,1,1,1,1,1,1,1,60,0.5,1,1,,1
7333263,"SEASONING, FAJITA SHELF STABLE SPICE",4,13,12,11,10,10,10,9,8,7,6,13,12,10,1,4,3,13,12,11,11,9,8,10,6,5
6501159,"SEASONING, LEMON PEPPER PLASTIC SHAKER SHELF STABLE SPICE",3,3,3,1,0,1,3,3,2,3,3,2,2,0,7,1,1,1,1,0,1,0,1,1,,1
184937,"TEA BAG, ICED BLACK ORANGE PEKOE CAFFEINATED 4 GAL YIELD FILTER-POUCH SHELF",5,3,5,1,4,4,7,8,6,9,6,5,6,6,1,8,5,6,2,6,1,5,2,,1,3
9206974,"TEA BAG, ICED BLACK SWEETENED CAFFEINATED 3 GAL YIELD FILTER PACK",1,3,2,2,2,1,3,2,2,2,2,2,2,3,3,1,2,0,0,3,1,3,3,2,1,3
1201093,"CUP, PET PLASTIC 20 OZ SPECIAL PRINT",2,3,3,3,3,2,3,2,3,4,3,2,3,2,3,3,2,3,3,2,2,1,2,1,2,2.25
1637321,"LID, CUP 12-24 OZ FLAT PET PLASTIC TRANSLUCENT",15,14,40,28,30,28,28,24,17,0,39,22,22,8,2,48,30,20,24,32,28,20,18,12,26,31
1851438,"CUP, SOUFFLE POLYSTYRENE 3.25 OZ TRANSLUCENT PORTION PLASTIC",10,11,12,7,12,8,12,7,11,0,18,8,9,14,26,12,8,16,2,18,10,6,11,12,4,11
2939411,"LID, CUP SOUFFLE 3.25-4 OZ FLAT PET PLASTIC CLEAR PLASTIC COVER",2,1,2,2,2,1,3,2,2,3,2,1,3,3,9,3,2,2,1,1,1,0,4,2.5,1.5,2
7005226,"CONTAINER, FOAM 4 OZ SQUAT WHITE",1,1,2,2,2,1,3,2,2,2,2,2,2,2,1,1,0.5,3,2,2,2,0.5,3,2.5,2,1
7002041,"LID, CUP 4-6 OZ VENTED PLASTIC WHITE",0.1,0,1,1,1,9,1,5,0,1,1,1,1,1,1,6,0,1,1,1,8,0,1,1,1,1
6883961,"CONTAINER, FOAM 6 OZ SQUAT WHITE",3,1,1,1,1,7,1,2,0,1,1,1,1,1,1,7,0,1,1,1,10,0,1,1,1,0
1051822,"LID, BOWL VENTED 6-8 OZ ROUND PLASTIC TRANSLUCENT",1,1,1,0.5,1,8,0,0,1,1,1,1,1,1,1,22,1,20,0.25,1,1,1,1,1,0.3,0.25
8609174,"TOWEL, PAPER 9X11 PERFORATED ROLL WHITE 2 PLY 85 SHEET",2,2,2,2,1,15,2,2,2,2,2,1.2,1.2,1.2,4sleeves,6,1,6,1,9,1,1,1,1,1,1
8869828,"NAPKIN, DISPENSER INTERFOLD BROWN 7.88X6.5 PAPER 1 PLY RECYCLED",2,2,1,1,1,30,1,1,1,1,1,1,1,1,1,9,0.25,30,1,1,1,0.5,1,0.3,1,1
4818803,"WRAP, 12X12 WAX PAPER NATURAL FLAT PACK GREASE RESISTANT",1,1,1,1,1,10,1,1,1,1,1,0.5,0.4,0.3,1,10,1,10,1,1,1,1,1,0.5,1,0.5
511550,"LINER, BASKET 12X12 PAPER RED CHECKERED GINGHAM",5,12,30,1,11,0,30,6,0,28,30,0,26,0,1,0,0,30,0.25,30,20,0,30,0.5,0.8,1
1328699,"SHORTENING, FRYING SOYBEAN LIQUID CLEAR PLASTIC JUG SHELF STABLE OIL",48,48,37,1,15,0,48,36,1,22,22,39,34,12,0,0,0,48,1,24,0,1.5,16,0.5,,2
4594181,"PAPER, 18X1100' FREEZER PAPER WHITE WRAP",5,5,5,3,3,3,3,3,3,2,2,2,2,2,11,1,1,1,1,1,1,1,1,1,1,1
4834081,"FILM, 18X2000' PLASTIC ROLL SLIDE CUTTER BOX FOOD WRAP",4,4,3,2,7,6,6,5,5,4,3,5,5,3,1,5,4,4,3,3,2,6,6,5,4,4
5328257,"FOIL, ALUMINUM 18X500' HEAVY-DUTY ROLL CUTTER BOX WRAP",3,6,5,1,5,4,5,3,2,5,5,5,5,5,1,6,6,4,2,6,4,2,5,4,1,6
6328249,"FOIL, ALUMINUM 12X1000' STANDARD ROLL CUTTER BOX WRAP",1,1,1,1,1,1,1,1,1,1,1,1,1,1,5,1,1,1,1,1,1,1,1,1,1,1
3328259,"WRAP, FOIL 9X10.75 INTERFOLD POP UP SHEET ALUMINUM",1,1,1,1,1,1,1,1,1,1,1,1,1,1,1,1,1,1,1,1,1,1,1,1,1,1
6328777,"MIX, DRESSING ITALIAN 1 GAL YIELD PACKET",1,1,1,1,1,1,1,1,1,1,1,1,1,1,1,1,1,1,1,1,1,1,1,1,1,1
7248339,"MIX, DRESSING RANCH 1 GAL YIELD PACKET",1,1,1,1,1,1,1,1,1,1,0.5,1,1,1,1,1,1,1,1,1,1,1,1,1,1,1
9041252,"CRACKER MEAL, CRUSHED MEDIUM BAG KRISPY SALTINE CRUMB",2,1,1,1,0,0,2,2,1,1,1,3,2,2,1,2,1,2,1,1,0,1,3,,1,1
3013885,"FILTER, FRYER GREASE CONE 10 PAPER NON-WOVEN ECONOLINE",12,12,12,12,12,12,13,13,13,13,13,13,13,12,3,11,12,11,12,11,12,12,11,12,12,9
1504521,"LABEL, 2X3 REMOVABLE 500 ROLL IN/OUT",0,0,0,0,0,0,0,0,0,0,0,0,0,0,12,0,-,0,-,0,0,-,0,-,-,-
2550762,"HAIRNET, NYLON 24 BROWN LIGHTWEIGHT",0,0,0,0,0,0,0,0,0,0,0,0,0,0,0,0,-,0,-,0,0,-,0,-,-,-
9551578,"PICK, WOOD 4 ASSORTED COLOR FRILL",1,1,1,0,1,1,1,1,1,1,1,1,1,1,0,1,-,1,-,1,0,0,0,1,-,
2330652,"FORK, DINNER WINDSOR 18/0 S/S MEDIUMWEIGHT",1,1,1,1,1,1,1,1,1,1,1,1,1,0,1,1,1,1,1,1,1,1,1,1,0.3,1
1330695,"KNIFE, STEAK 4.75 S/S PLASTIC HANDLE BLACK",1,1,1,1,1,1,1,1,1,1,1,1,1,1,1,1,0,1,0,1,0,0,1,3,1,3
445098,"TAPE, THERMAL CASH REGISTER WHITE 3.13X200' PAPER 1 PLY ROLL",1,0,0,1,0,0,0,1,1,1,1,0,0,0,1,2,0,1,-,1,1,0,0,,,
4085338,"GUEST CHECK, SHRINK PACK SINGLE PAPER 3.5X6.75 PINK",1,1,1,0,1,1,1,0,1,1,1,1,1,0,0,1,1,1,0,1,1,1,1,,1,1
2948859,"GRILL BRICK, 4X3.5X8 GLASS DUST SOFT WRAPPED GRIDDLE",3,3,3,2,4,4,4,3,3,3,3,3,3,3,1,3,2,2,1,3,2,4,4,3,2,3
2950343,"SCRUBBER, S/S 50 GR HEAVY-DUTY 400 SERIES ECONOMY",40,39,34,33,33,32,31,29,28,27,21,17,16,14,3,52,50,51,0,46,40,40,42,,,30
9075643,"SANITIZER, SURFACE FOOD CONTACT LIQUID SPRAY BOTTLE CLEAR SLIGHT SCENT K85",72,71,69,50,66,60,65,65,65,60,60,55,54,103,7,95,60,95,50,90,50,40,90,80,80,82
7912678,"CLEANER, GLASS K42 LIQUID SPRAY BOTTLE BLUE FLORAL SCENT",11,6,5,4,4,2,2,1,13,11,8,3,0,12,0,5,4,3,0,1,0,11,10,10,9,8
5341169,"CLEANER, OVEN and GRILL K13 LIQUID BOTTLE DARK ORANGE ODORLESS DEGREASER",44,56,52,1,51,50,50,48,49,48,43,40,40,36,8,36,26,30,27,30,30,18,27,,24,9
7153448,"CLEANER, ALL-PURPOSE LIQUID SPRAY BOTTLE CLEAR W/ BLEACH",2,5,4,1,6,8,6,6,5,11,9,6,4,6,36,7,6,6,0,9,0,5,6,5,3,2
7945058,"DEGREASER, ALL-PURPOSE VP3 LIQUID JUG BLUE CLEANER",0,0,0,1,1,1,1,1,1,1,1,1,1,6,3,5,4,4,1,5,4,4,5,2,2,4
7886112,"GLOVE, POLY XL CLEAR STRETCH AMBIDEXTROUS",7,5,4,4,4,3,3,2,2,1,5,2,1,0,6,2,1,5,5,5,4,5,5,5,4,4
8362022,"DETERGENT, DISHWASHER D21 LIQUID PAIL RED ODORLESS LOW TEMP",7,5,3,2,1,1,8,9,8,6,6,2,8,6,3,4,4,2,2,1,0,6,6,6,4,3
8366320,"RINSE ADDITIVE, DISHWASHER D22 LIQUID PAIL GREEN HIGH SOLID",5,4,4,3,3,2,1,1,5,5,3,2,5,5,5,4,3,4,3,3,2,2,2,2,1,3
6365084,"SANITIZER, DISHWASHER D23 LIQUID PAIL CLEAR YELLOW LOW TEMP",8,4,3,0,12,9,10,5,3,2,10,3,2,12,2,7,2,4,3,12,9,7,6,5,,9
9625922,"TOWEL, PAPER 7.88X15 CENTERPULL PERFORATED WHITE 1 PLY 320 SHEET",1,1,1,1,1,1,1,0,2,0,1,2,2,2,3,1,1,1,1,1,1,1,1,1,1,1
95745,"TISSUE, TOILET JUMBO ROLL 3.3X1000' N-PERF 2 PLY WHITE",0.25,0.25,0.25,0.25,0.25,0.25,0,1,0,0,1,1,1,1,1,0.25,1,0.25,0,1,1,1,1,1,1,1
8648164,"TOWEL, PAPER 9.5X9 MULTIFOLD BROWN 1 PLY",0.25,0.25,0.25,0.25,0.25,0.25,0,0,1,0,1,1,1,1,1,0.25,1,0.25,0,1,1,1,1,1,1,1
4736314,"DEODORIZER, URINAL SCREEN W/ BLOCK SOLID IW BLUE EVERGREEN SCENT AIR FRESHE",12,8,5,5,10,9,7,5,8,6,10,6,9,10,1,7,0,9,8,6,5,2,11,8,4,6
5751965,"DEODORIZER, URINAL SCREEN WAVE 3D SOLID BOX BLUE COTTON BLOSSOM SCENT",12,11,9,7,15,12,12,10,10,8,14,9,9,12,2,11,8,8,2,12,10,8,7,2,8,
2950699,"MOP HEAD, CUT END #24 COTTON 4 PLY NARROW BAND NATURAL",0,0,0,0,0,0,0,0,0,0,0,0,0,0,7,0,-,0,-,0,0,-,0,-,-,-
7826506,"LINER, 33 GAL 33X38 BLACK 1.2 MIL CORELESS ROLL LINEAR LOW DENSITY REPROCES",0,0,0,0,0,0,0,0,0,0,0,0,0,0,0,0,0,0,-,0,0,-,0,-,-,-
7826290,"LINER, 60 GAL 38X58 BLACK 1.2 MIL CORELESS ROLL LINEAR LOW DENSITY REPROCES",3,3,4,3,4,3,3,2,2,2,2,0,0,2,0,4,4,2,3,2,3,2,2,2,2,2
4647806,"DETERGENT, DISH MANUAL LIQUID BOTTLE BLUE",2,1,5,1,5,7,4,4,4,4,3,2,3,3,3,1,0,4,5,4,1,1,4,1,5,4
2959917,"CLEANER, FLOOR ALL SURFACE F22 LIQUID PACKET BROWNISH RED PLEASANT SCENT",6,1,4,1,8,6,5,5,5,4,3,4,4,2,3,3,3,3,0,5,5,5,4,4,2,5
763326,"CUP, FOAM 20 OZ WHITE",12,11,10,7,8,7,7,5,5,12,10,7,7,4,5,6,6,5,3,14,10,6,8,7,4,4
6381750,"CHICKEN, WING 1ST-and-2ND-JOINT MEDIUM RAW BAG IQF FROZEN UNFLAVORED",1.5,1,1,1,0.25,19,0.5,0,1,1,1,1,2,2,7,2,1,1,0.5,1,1,1,1,,1,1
2727410,"CHICKEN, WING 1ST-and-2ND-JOINT MEDIUM RAW FRESH-TO-FROZEN CVP UNFLAVORED",,,,,,,,,,,,,,,,,,,,,,,,,,
2721173,"CHICKEN, WING 1ST-and-2ND-JOINT RANDOM RAW CVP REF JUMBO UNFLAVORED",,,,,,,,,,,,,,,,,,,,,,,,,,
8072704,"CUCUMBER, ENGLISH SEEDLESS FRESH REF",,,,,,,,,,,,,,,,,,,,,,,,,,
6883698,"CONTAINER, FOAM 16 OZ WHITE",,,,,,,,,,,,,,,,,,,,,,,,,,
