newest_change,last_modified,created_time,path
2026-04-26T13:38:28,2026-04-26T13:38:28,2026-04-23T00:36:12,ProductMixRestaurantDB/app.py
2026-04-25T00:15:02,2026-04-25T00:15:02,2026-04-24T13:32:26,Restaurant Management/Inventory Control 3/app.py
2026-04-24T16:31:24,2026-04-24T16:31:24,2026-02-07T04:22:32,Restaurant Management/Inventory Control 2/app.py
2026-04-24T16:21:14,2026-04-24T16:21:14,2026-04-24T13:32:26,Restaurant Management/Inventory Control 3/inventory_control3_launcher.py
2026-04-24T16:12:57,2026-04-24T16:12:57,2026-04-24T16:03:09,Restaurant Management/Inventory Control 3/tools/order_csv_renamer_gui.py
2026-04-24T16:05:35,2026-04-24T16:05:35,2026-04-24T16:04:17,Restaurant Management/Inventory Control 3/Order CSV Renamer/order_csv_renamer_gui.py
2026-04-24T14:15:17,2026-04-24T14:15:17,2026-04-24T14:15:17,Restaurant Management/Inventory Control 3/recovered_source_attempts/inventory_control3_launcher_reconstructed.py
2026-04-24T14:15:17,2026-04-24T14:15:17,2026-04-24T14:15:17,Restaurant Management/Inventory Control 3/recovered_source_attempts/app_reconstructed.py
2026-04-24T14:14:24,2026-04-24T14:14:24,2026-04-24T14:14:24,Restaurant Management/Inventory Control 3/recovered_source_attempts/inventory_control3_launcher.py
2026-04-24T14:14:24,2026-04-24T14:14:24,2026-04-24T14:14:24,Restaurant Management/Inventory Control 3/recovered_source_attempts/app.py
2026-04-24T13:40:52,2026-04-24T13:32:26,2026-04-24T13:40:52,Restaurant Management/Inventory Control 3/inventory_control3_launcher_wrapper_fallback.py
2026-04-24T13:40:52,2026-04-24T13:32:26,2026-04-24T13:40:52,Restaurant Management/Inventory Control 3/app_wrapper_fallback.py
2026-04-22T04:09:36,2026-04-22T04:09:36,2026-02-07T04:22:32,Restaurant Management/employeegrading_gui.py
2026-03-03T05:22:24,2026-03-03T05:22:24,2026-02-07T04:22:32,Restaurant Management/Manager App/manager_app.py
2026-03-03T05:22:24,2026-03-03T05:22:24,2026-03-03T05:04:10,railway_manager_app.py
2026-02-25T03:44:25,2026-02-25T03:44:25,2026-02-08T16:45:12,Automate_Report_gui.py
2026-02-10T15:47:01,2026-02-10T15:47:01,2026-02-10T15:27:38,Tools/application.py
2026-02-07T04:22:32,2026-02-07T04:22:32,2026-02-07T04:22:32,instagram-image-downloader/src/app.py
2026-02-07T04:22:32,2026-02-07T04:22:32,2026-02-07T04:22:32,app.py
2026-02-07T04:22:32,2026-02-07T04:22:32,2026-02-07T04:22:32,Tools/newsorterapp.py
2026-02-07T04:22:32,2026-02-07T04:22:32,2026-02-07T04:22:32,Tools/facesort_gui.py
2026-02-07T04:22:32,2026-02-07T04:22:32,2026-02-07T04:22:32,Tools/billaverage_gui.py
2026-02-07T04:22:32,2026-02-07T04:22:32,2026-02-07T04:22:32,Sorting App/AIO_File_Organizer_GUI.py
2026-02-07T04:22:32,2026-02-07T04:22:32,2026-02-07T04:22:32,Restaurant Management/app_web.py
2026-02-07T04:22:32,2026-02-07T04:22:32,2026-02-07T04:22:32,Restaurant Management/Payrollauto3_gui.py
2026-02-07T04:22:32,2026-02-07T04:22:32,2026-02-07T04:22:32,Restaurant Management/Manager App/static/js/app.js
2026-02-07T04:22:32,2026-02-07T04:22:32,2026-02-07T04:22:32,Restaurant Management/Manager App/login_app.py
2026-02-07T04:22:32,2026-02-07T04:22:32,2026-02-07T04:22:32,Restaurant Management/Manager App/app_config.py
2026-02-07T04:22:32,2026-02-07T04:22:32,2026-02-07T04:22:32,Restaurant Management/Manager App/CashManager.py
2026-02-07T04:22:32,2026-02-07T04:22:32,2026-02-07T04:22:32,Restaurant Management/Manager App Backup/static/js/app.js
2026-02-07T04:22:32,2026-02-07T04:22:32,2026-02-07T04:22:32,Restaurant Management/Manager App Backup/app_config.py
2026-02-07T04:22:32,2026-02-07T04:22:32,2026-02-07T04:22:32,Restaurant Management/Manager App Backup/Manager App/static/js/app.js
2026-02-07T04:22:32,2026-02-07T04:22:32,2026-02-07T04:22:32,Restaurant Management/Manager App Backup/Manager App/login_app.py
2026-02-07T04:22:32,2026-02-07T04:22:32,2026-02-07T04:22:32,Restaurant Management/Manager App Backup/Manager App/app_config.py
2026-02-07T04:22:32,2026-02-07T04:22:32,2026-02-07T04:22:32,Restaurant Management/Manager App Backup/Manager App/app.py
2026-02-07T04:22:32,2026-02-07T04:22:32,2026-02-07T04:22:32,Restaurant Management/Manager App Backup/Manager App/CashManager.py
2026-02-07T04:22:32,2026-02-07T04:22:32,2026-02-07T04:22:32,Restaurant Management/Manager App Backup 2025-11-23_04-05-42/static/js/app.js
2026-02-07T04:22:32,2026-02-07T04:22:32,2026-02-07T04:22:32,Restaurant Management/Manager App Backup 2025-11-23_04-05-42/login_app.py
2026-02-07T04:22:32,2026-02-07T04:22:32,2026-02-07T04:22:32,Restaurant Management/Manager App Backup 2025-11-23_04-05-42/app_config.py
2026-02-07T04:22:32,2026-02-07T04:22:32,2026-02-07T04:22:32,Restaurant Management/Manager App Backup 2025-11-23_04-05-42/app.py
2026-02-07T04:22:32,2026-02-07T04:22:32,2026-02-07T04:22:32,Restaurant Management/Manager App Backup 2025-11-23_04-05-42/CashManager.py
2026-02-07T04:22:32,2026-02-07T04:22:32,2026-02-07T04:22:32,Restaurant Management/Inventory Control 2/test_app.py
