Date,2026-06-13
Shift,Day
Notes,

Employee Entries
Name,Shift,Area,Cash,C.C. Tips,Cash Diff,Visa,Mastercard,Amex,Discover,Credit Total,Beer,Liquor,Wine,Food,Voids
Lariah Saenz,Day,Dining,0,61,-61,457.05,44.8,0,0,0,28.7,32.95,0,345.64,0
Clarissa Cantu,Day,Dining,53.56,88,-34.44,811.54,0,0,0,0,0,0,0,717.87,0
Brycen Driver,Day,Dining,168.31,65.7,102.61,662.31,0,0,0,0,17.5,21.9,0,667.28,23.67
Isabella Salinas,Day,Dining,41.37,58,-16.63,559.73,0,0,0,0,10.75,0,0,490.99,0
Austin Barnes,Day,Dining,14.93,75,-60.07,860.88,0,0,0,0,11.9,0,0,727.91,0
Selena Gomez,Day,Bar,78.1,99.88,-21.78,678.3,0,0,0,0,143.25,4,0,459.21,10.99
Noel Rodriguez,Day,To Go,39.57,6.44,33.13,99.56,0,0,0,0,0,0,0,122.59,0
Pablo Ochoa,Night,Dining,37.8,51.39,-13.59,542.94,0,0,0,0,49.5,0,0,439.56,0
Taylor McCathy,Night,Dining,228.21,0,228.21,494.57,0,0,0,0,24.4,55.85,0,587.51,20.39
Hailee Nunn,Night,Dining,140.07,32,108.07,281.13,0,0,0,0,17.5,21.9,0,320.47,0
Joseph Guerrero,Night,Dining,48.96,36,12.96,251.43,0,0,68.85,0,49.7,22.15,0,235.65,0
Kaitlynn Esfahani,Night,Dining,12.99,71.44,-58.45,656.34,75.67,0,0,0,78.5,128.6,0,415.16,0
Madison Zamora,Night,Dining,6.48,113.39,-106.91,524.19,25,0,0,0,72.9,30.4,0,441.22,0
Brycen Driver,Night,Dining,0,25,-25,190.8,0,0,0,0,21.5,9.95,0,121.76,0
Indira Garcia,Night,Bar,172.28,51,121.28,480.39,0,0,12.48,0,106.6,125.5,0,335.34,0
Emileigh Salinas,Night,Bar,26.72,80.54,-53.82,436.43,0,0,66.2,0,199.7,24.4,0,190.6,20.88
Felicity Alaniz,Night,Bar,5.42,104.6,-99.18,177.65,607.93,0,0,0,131.25,131,0,371.96,0
Bryan Garcia,Night,Bar,0,39.3,-39.3,250.75,0,0,0,0,108.95,28.9,0,57.54,0
Alyssa Garcia,Night,To Go,60.95,7,53.95,3445.08,0,0,0,0,0,0,0,368.67,0

Cash Drawer Count
Pennies,0.0
Nickels,0.0
Dimes,0.0
Quarters,0.0
Ones,0.0
Fives,0.0
Tens,0.0
Twenties,0.0
Fifties,0.0
Hundreds,0.0
Drawer Total,0

Cash Deductions

Deposit Summary
Cash Adjustments,0
Cash in Drawer,0
DEPOSIT AMOUNT,70.04
